UCF Code,RBH,Date of Onboarding,Modalku,Akseleran,BSS,Danabijak
GCD-271,Rajdeep Dutta,2023-04-19,2023-04-19,,2024-10-28,2025-11-25
GCD-15622,Rajdeep Dutta,2023-05-29,2023-05-29,,,
GCD-15651,Rajdeep Dutta,2023-05-26,2023-05-26,,,
GCD-3087,Rajdeep Dutta,2023-05-29,2023-05-29,,,
GCD-7491,Rajdeep Dutta,2023-05-30,2023-05-30,,,
GCD-731,Rajdeep Dutta,2023-05-30,2023-05-30,,,
GCD-13207,Rajdeep Dutta,2023-05-30,2023-05-30,,,
GCD-15629,Rajdeep Dutta,2023-05-30,2023-05-30,,,
GCD-840,Rajdeep Dutta,2023-05-19,2023-05-19,,,
GCD-2819,Rajdeep Dutta,2023-06-12,2023-06-12,,,2026-02-01
GCD-13824,Rajdeep Dutta,2023-06-08,2023-06-08,,,
GCD-9758,Rajdeep Dutta,2023-06-07,2023-06-07,,,
GCD-15822,Rajdeep Dutta,2023-06-07,2023-06-07,,,2025-12-17
GCD-15976,Rajdeep Dutta,2023-06-15,2023-06-15,,,
GCD-15710,Rajdeep Dutta,2023-06-23,2023-06-23,,,
GCD-578,Rajdeep Dutta,2023-06-09,2023-06-09,,,
GCD-2272,Rajdeep Dutta,2023-06-19,2023-06-19,,,
GCD-747,Rajdeep Dutta,2023-06-20,2023-06-20,,,
GCD-3700,Rajdeep Dutta,2023-06-08,2023-06-08,,,
GCD-9404,Rajdeep Dutta,2023-08-22,2023-08-22,,,
GCD-2002,Rajdeep Dutta,2023-08-09,2023-08-09,,,
GCD-3995,Rajdeep Dutta,2023-08-08,2023-08-08,,,2026-01-19
GCD-16950,Rajdeep Dutta,2023-08-03,2023-08-03,,,
GCD-5352,Rajdeep Dutta,2023-08-07,2023-08-07,,,
GCD-2719,Rajdeep Dutta,2023-08-23,2023-08-23,,,
GCD-17369,Rajdeep Dutta,2023-08-07,2023-08-07,,,2026-01-20
GCD-8302,Rajdeep Dutta,2023-08-15,2023-08-15,,,
GCD-3312,Rajdeep Dutta,2023-08-15,2023-08-15,,,
GCD-2656,Rajdeep Dutta,2023-08-16,2023-08-16,,,
GCD-17335,Rajdeep Dutta,2023-08-15,2023-08-15,,,
GCD-8830,Rajdeep Dutta,2023-08-21,2023-08-21,,,
GCD-11589,Rajdeep Dutta,2023-08-22,2023-08-22,,,
GCD-17571,Rajdeep Dutta,2023-08-23,2023-08-23,,,
GCD-12922,Rajdeep Dutta,2023-08-23,2023-08-23,,,
GCD-17299,Rajdeep Dutta,2023-08-23,2023-08-23,,,
GCD-2497,Rajdeep Dutta,2023-08-24,2023-08-24,,2025-03-13,2026-01-15
GCD-1313,Rajdeep Dutta,2023-08-25,2023-08-25,,,
GCD-490,Rajdeep Dutta,2023-08-25,2023-08-25,,,
GCD-17829,Rajdeep Dutta,2023-08-25,2023-08-25,,,
GCD-17903,Rajdeep Dutta,2023-08-29,2023-08-29,,,
GCD-17913,Rajdeep Dutta,2023-08-29,2023-08-29,,,
GCD-18002,Rajdeep Dutta,2023-08-30,2023-08-30,,,
GCD-17937,Rajdeep Dutta,2023-08-30,2023-08-30,,,
GCD-3062,Rajdeep Dutta,2023-07-20,2023-07-20,,,
GCD-2670,Rajdeep Dutta,2023-07-20,2023-07-20,,2024-10-28,2025-11-25
GCD-16388,Rajdeep Dutta,2023-07-18,2023-07-18,,,
GCD-2625,Rajdeep Dutta,2023-07-27,2023-07-27,,,2026-01-29
GCD-3547,Rajdeep Dutta,2023-07-05,2023-07-05,,,
GCD-16679,Rajdeep Dutta,2023-07-11,2023-07-11,,,
GCD-6854,Rajdeep Dutta,2023-07-14,2023-07-14,2024-10-15,,2026-01-21
GCD-15782,Rajdeep Dutta,2023-07-21,2023-07-21,,,
GCD-3081,Rajdeep Dutta,2023-07-25,2023-07-25,,,
GCD-4714,Rajdeep Dutta,2023-07-31,2023-07-31,,,
GCD-16811,Rajdeep Dutta,2023-07-18,2023-07-18,,,
GCD-16442,Rajdeep Dutta,2023-07-18,2023-07-18,2024-08-29,,
GCD-16812,Rajdeep Dutta,2023-07-18,2023-07-18,,,
GCD-17119,Rajdeep Dutta,2023-07-28,2023-07-28,,,
GCD-812,Rajdeep Dutta,2023-07-31,2023-07-31,,,
GCD-16031,Rajdeep Dutta,2023-07-07,2023-07-07,,,
GCD-2607,Rajdeep Dutta,2023-07-28,2023-07-28,,,
GCD-15935,Rajdeep Dutta,2023-07-11,2023-07-11,,,
GCD-16168,Rajdeep Dutta,2023-07-07,2023-07-07,,,
GCD-16416,Rajdeep Dutta,2023-07-31,2023-07-31,,,
GCD-8241,Rajdeep Dutta,2023-06-30,2023-06-30,,2025-08-28,2025-11-25
GCD-4456,Rajdeep Dutta,2023-06-30,2023-06-30,,,2026-02-02
GCD-15794,Rajdeep Dutta,2023-06-23,2023-06-23,,,
GCD-8381,Rajdeep Dutta,2023-06-27,2023-06-27,,,
GCD-16551,Rajdeep Dutta,2023-06-30,2023-06-30,,,
GCD-15956,Rajdeep Dutta,2023-06-30,2023-06-30,,,2026-01-23
GCD-16286,Rajdeep Dutta,2023-08-31,2023-08-31,,,
GCD-13869,Rajdeep Dutta,2023-08-31,2023-08-31,,,
GCD-17757,Rajdeep Dutta,2023-09-06,2023-09-06,,,
GCD-18240,Rajdeep Dutta,2023-09-08,2023-09-08,,,
GCD-13701,Rajdeep Dutta,2023-09-10,2023-09-10,,,
GCD-17668,Rajdeep Dutta,2023-09-10,2023-09-10,,,
GCD-2284,Rajdeep Dutta,2023-09-11,2023-09-11,,,
GCD-973,Rajdeep Dutta,2023-09-11,2023-09-11,,,
GCD-17920,Rajdeep Dutta,2023-09-19,2023-09-19,,,
GCD-11372,Rajdeep Dutta,2023-09-19,2023-09-19,,,
GCD-12325,Rajdeep Dutta,2023-09-20,2023-09-20,,,
GCD-1409,Rajdeep Dutta,2023-09-26,2023-09-26,,,
GCD-18378,Rajdeep Dutta,2023-10-03,2023-10-03,,,
GCD-18804,Rajdeep Dutta,2023-10-04,2023-10-04,,,
GCD-13345,Rajdeep Dutta,2023-10-09,2023-10-09,,,
GCD-18273,Rajdeep Dutta,2023-10-13,2023-10-13,,,
GCD-11448,Rajdeep Dutta,2023-10-17,2023-10-17,,,
GCD-17923,Rajdeep Dutta,2023-10-17,2023-10-17,,,
GCD-5223,Rajdeep Dutta,2023-10-18,2023-10-18,,,
GCD-18857,Rajdeep Dutta,2023-10-18,2023-10-18,,,
GCD-2932,Rajdeep Dutta,2023-10-20,2023-10-20,,,
GCD-589,Rajdeep Dutta,2023-10-23,2023-10-23,,,
GCD-18758,Rajdeep Dutta,2023-10-24,2023-10-24,,,
GCD-17684,Rajdeep Dutta,2023-10-25,2023-10-25,,,
GCD-18043,Rajdeep Dutta,2023-10-26,2023-10-26,,,
GCD-581,Rajdeep Dutta,2023-10-26,2023-10-26,,,
GCD-9919,Rajdeep Dutta,2023-10-27,2023-10-27,,,
GCD-4040,Rajdeep Dutta,2023-10-26,2023-10-26,,,
GCD-16963,Rajdeep Dutta,2023-10-30,2023-10-30,,,2026-01-23
GCD-18718,Rajdeep Dutta,2023-10-30,2023-10-30,,,
GCD-1826,Rajdeep Dutta,2023-10-30,2023-10-30,,,
GCD-18597,Rajdeep Dutta,2023-10-30,2023-10-30,,,
GCD-18611,Rajdeep Dutta,2023-10-30,2023-10-30,,,
GCD-18761,Rajdeep Dutta,2023-10-27,2023-10-27,,,
GCD-18736,Rajdeep Dutta,2023-11-01,2023-11-01,,,
GCD-15899,Rajdeep Dutta,2023-11-02,2023-11-02,,,
GCD-3350,Rajdeep Dutta,2023-11-06,2023-11-06,,,
GCD-19001,Rajdeep Dutta,2023-11-06,2023-11-06,,,
GCD-19087,Rajdeep Dutta,2023-11-06,2023-11-06,,,
GCD-11021,Rajdeep Dutta,2023-11-08,2023-11-08,,,
GCD-6402,Rajdeep Dutta,2023-11-09,2023-11-09,2024-09-23,,
GCD-4976,Rajdeep Dutta,2023-11-09,2023-11-09,,,2026-01-31
GCD-12763,Rajdeep Dutta,2023-11-09,2023-11-09,,,
GCD-2590,Rajdeep Dutta,2023-11-13,2023-11-13,,,
GCD-19189,Rajdeep Dutta,2023-11-13,2023-11-13,,,
GCD-13989,Rajdeep Dutta,2023-11-13,2023-11-13,,,
GCD-2754,Rajdeep Dutta,2023-11-14,2023-11-14,,,
GCD-18927,Rajdeep Dutta,2023-11-15,2023-11-15,,,2026-02-23
GCD-4420,Rajdeep Dutta,2023-11-16,2023-11-16,,,
GCD-19288,Rajdeep Dutta,2023-11-16,2023-11-16,,,
GCD-3649,Rajdeep Dutta,2023-11-17,2023-11-17,,,
GCD-19122,Rajdeep Dutta,2023-11-17,2023-11-17,,,
GCD-19213,Rajdeep Dutta,2023-11-17,2023-11-17,,,
GCD-18453,Rajdeep Dutta,2023-11-17,2023-11-17,,,
GCD-3347,Rajdeep Dutta,2023-11-20,2023-11-20,,,2026-01-30
GCD-19242,Rajdeep Dutta,2023-11-20,2023-11-20,,,
GCD-19254,Rajdeep Dutta,2023-11-20,2023-11-20,,,
GCD-7908,Rajdeep Dutta,2023-11-21,2023-11-21,,,
GCD-19264,Rajdeep Dutta,2023-11-21,2023-11-21,,,
GCD-1788,Rajdeep Dutta,2023-11-21,2023-11-21,,,
GCD-19109,Rajdeep Dutta,2023-11-21,2023-11-21,,,
GCD-19299,Rajdeep Dutta,2023-11-21,2023-11-21,,,
GCD-19290,Rajdeep Dutta,2023-11-21,2023-11-21,,,
GCD-19291,Rajdeep Dutta,2023-11-22,2023-11-22,,,
GCD-17986,Rajdeep Dutta,2023-11-22,2023-11-22,,,
GCD-19286,Rajdeep Dutta,2023-11-22,2023-11-22,,,
GCD-3250,Rajdeep Dutta,2023-11-22,2023-11-22,,,2025-12-12
GCD-19343,Rajdeep Dutta,2023-11-23,2023-11-23,,,
GCD-19248,Rajdeep Dutta,2023-11-23,2023-11-23,,,
GCD-3257,Rajdeep Dutta,2023-11-23,2023-11-23,,,
GCD-5983,Rajdeep Dutta,2023-11-23,2023-11-23,,,
GCD-2660,Rajdeep Dutta,2023-11-24,2023-11-24,,,
GCD-9324,Rajdeep Dutta,2023-11-24,2023-11-24,,,
GCD-19245,Rajdeep Dutta,2023-11-27,2023-11-27,,,
GCD-7708,Rajdeep Dutta,2023-11-28,2023-11-28,,,
GCD-18230,Rajdeep Dutta,2023-11-29,2023-11-29,,,
GCD-7752,Rajdeep Dutta,2023-11-30,2023-11-30,,,2026-01-28
GCD-1780,Rajdeep Dutta,2023-11-30,2023-11-30,,,
GCD-19175,Rajdeep Dutta,2023-12-04,2023-12-04,,,
GCD-2453,Rajdeep Dutta,2023-12-04,2023-12-04,,,
GCD-1728,Rajdeep Dutta,2023-12-05,2023-12-05,,,
GCD-15005,Rajdeep Dutta,2023-12-06,2023-12-06,,,
GCD-19397,Rajdeep Dutta,2023-12-06,2023-12-06,,,
GCD-5080,Rajdeep Dutta,2023-12-06,2023-12-06,,,2026-01-29
GCD-19411,Rajdeep Dutta,2023-12-06,2023-12-06,,,
GCD-19617,Rajdeep Dutta,2023-12-06,2023-12-06,,,
GCD-18728,Rajdeep Dutta,2023-12-06,2023-12-06,,,
GCD-19463,Rajdeep Dutta,2023-12-08,2023-12-08,,,
GCD-4739,Rajdeep Dutta,2023-12-08,2023-12-08,,,
GCD-19512,Rajdeep Dutta,2023-12-11,2023-12-11,,,
GCD-19297,Rajdeep Dutta,2023-12-11,2023-12-11,,,2026-02-21
OX16112317002100112,Rajdeep Dutta,2023-12-12,2023-12-12,,,
GCD-4987,Rajdeep Dutta,2023-12-12,2023-12-12,,,
GCD-1816,Rajdeep Dutta,2023-12-08,2023-12-08,,,
GCD-19105,Rajdeep Dutta,2023-12-06,2023-12-06,,,
GCD-14619,Rajdeep Dutta,2023-12-12,2023-12-12,,,
GCD-18778,Rajdeep Dutta,2023-12-13,2023-12-13,,,2025-12-22
GCD-781,Rajdeep Dutta,2023-12-13,2023-12-13,,,
GCD-19501,Rajdeep Dutta,2023-12-13,2023-12-13,,,
GCD-19508,Rajdeep Dutta,2023-12-13,2023-12-13,,,
GCD-19690,Rajdeep Dutta,2023-12-14,2023-12-14,,,
GCD-1415,Rajdeep Dutta,2023-12-14,2023-12-14,,,2026-01-31
GCD-19515,Rajdeep Dutta,2023-12-14,2023-12-14,,,
GCD-19481,Rajdeep Dutta,2023-12-15,2023-12-15,,,
GCD-17470,Rajdeep Dutta,2023-12-15,2023-12-15,,,
GCD-15556,Rajdeep Dutta,2023-12-18,2023-12-18,,,2026-02-24
GCD-19495,Rajdeep Dutta,2023-12-18,2023-12-18,,,
GCD-19551,Rajdeep Dutta,2023-12-19,2023-12-19,,,
GCD-3736,Rajdeep Dutta,2023-12-19,2023-12-19,,,2026-01-26
OX08122315575700328,Rajdeep Dutta,2023-12-20,2023-12-20,,,
GCD-19482,Rajdeep Dutta,2023-12-20,2023-12-20,,,
GCD-19714,Rajdeep Dutta,2023-12-20,2023-12-20,,,
GCD-3051,Rajdeep Dutta,2023-12-21,2023-12-21,,,
OX14122321481200402,Rajdeep Dutta,2023-12-21,2023-12-21,,,
GCD-19346,Rajdeep Dutta,2023-12-21,2023-12-21,,,
GCD-15589,Rajdeep Dutta,2023-12-21,2023-12-21,,,
GCD-3814,Rajdeep Dutta,2023-12-21,2023-12-21,,,
GCD-15908,Rajdeep Dutta,2023-12-26,2023-12-26,,,
GCD-19268,Rajdeep Dutta,2023-12-27,2023-12-27,,,
GCD-13529,Rajdeep Dutta,2023-12-27,2023-12-27,,,
GCD-2678,Rajdeep Dutta,2023-12-27,2023-12-27,,,
GCD-19269,Rajdeep Dutta,2023-12-27,2023-12-27,,,
GCD-2586,Rajdeep Dutta,2023-12-27,2023-12-27,,,
OX21112312580300147,Rajdeep Dutta,2023-12-28,2023-12-28,,,
GCD-19653,Rajdeep Dutta,2023-12-28,2023-12-28,,,
OX07112321254200013,Rajdeep Dutta,2023-12-28,2023-12-28,,,
GCD-7320,Rajdeep Dutta,2023-12-29,2023-12-29,,,
GCD-19621,Rajdeep Dutta,2023-12-29,2023-12-29,,,
GCD-19650,Rajdeep Dutta,2023-12-29,2023-12-29,,,
GCD-14823,Rajdeep Dutta,2023-12-29,2023-12-29,,,
GCD-1497,Rajdeep Dutta,2024-01-02,2024-01-02,,,
GCD-3525,Rajdeep Dutta,2024-01-03,2024-01-03,,,
GCD-5120,Rajdeep Dutta,2024-01-03,2024-01-03,,,
GCD-5054,Rajdeep Dutta,2024-01-03,2024-01-03,,,
GCD-20002,Rajdeep Dutta,2024-01-04,2024-01-04,,,
GCD-18526,Rajdeep Dutta,2024-01-05,2024-01-05,,,2025-12-29
GCD-19746,Rajdeep Dutta,2024-01-09,2024-01-09,,,
GCD-4792,Rajdeep Dutta,2024-01-09,2024-01-09,,,
GCD-1528,Rajdeep Dutta,2024-01-09,2024-01-09,,,
GCD-3056,Rajdeep Dutta,2024-01-09,2024-01-09,,,
GCD-19665,Rajdeep Dutta,2024-01-10,2024-01-10,,,
OX27112309113900197,Rajdeep Dutta,2024-01-11,2024-01-11,,,
GCD-19639,Rajdeep Dutta,2024-01-11,2024-01-11,,,
GCD-19371,Rajdeep Dutta,2024-01-12,2024-01-12,,,
GCD-19682,Rajdeep Dutta,2024-01-12,2024-01-12,,,2025-12-19
GCD-2055,Rajdeep Dutta,2024-01-15,2024-01-15,,,
GCD-19708,Rajdeep Dutta,2024-01-16,2024-01-16,,,2026-01-31
GCD-3517,Rajdeep Dutta,2024-01-16,2024-01-16,,,
GCD-19431,Rajdeep Dutta,2024-01-16,2024-01-16,,2024-09-24,2026-01-26
GCD-4432,Rajdeep Dutta,2024-01-17,2024-01-17,,,2026-02-26
GCD-19724,Rajdeep Dutta,2024-01-17,2024-01-17,,,
GCD-1775,Rajdeep Dutta,2024-01-17,2024-01-17,,,
GCD-19654,Rajdeep Dutta,2024-01-18,2024-01-18,,,2026-02-11
GCD-19693,Rajdeep Dutta,2024-01-18,2024-01-18,,,2026-02-18
GCD-2594,Rajdeep Dutta,2024-01-18,2024-01-18,,,
GCD-5418,Rajdeep Dutta,2024-01-18,2024-01-18,,,
GCD-3160,Rajdeep Dutta,2024-01-22,2024-01-22,,,
GCD-19752,Rajdeep Dutta,2024-01-22,2024-01-22,,,
GCD-19747,Rajdeep Dutta,2024-01-22,2024-01-22,,,
GCD-19620,Rajdeep Dutta,2024-01-23,2024-01-23,,,
GCD-3854,Rajdeep Dutta,2024-01-23,2024-01-23,,,
GCD-1079,Rajdeep Dutta,2024-01-23,2024-01-23,,,
GCD-19544,Rajdeep Dutta,2024-01-24,2024-01-24,,,2026-01-09
GCD-11111,Rajdeep Dutta,2024-01-25,2024-01-25,,,
GCD-16619,Rajdeep Dutta,2024-01-26,2024-01-26,,,
GCD-19768,Rajdeep Dutta,2024-01-29,2024-01-29,,,
GCD-19779,Rajdeep Dutta,2024-01-30,2024-01-30,,2024-09-23,
GCD-18818,Rajdeep Dutta,2024-01-30,2024-01-30,,,
GCD-19681,Rajdeep Dutta,2024-01-30,2024-01-30,,,
GCD-5353,Rajdeep Dutta,2024-01-31,2024-01-31,,,
GCD-19781,Rajdeep Dutta,2024-01-31,2024-01-31,,,2026-04-29
GCD-8439,Rajdeep Dutta,2024-02-01,2024-02-01,,,
OX18012413064000642,Rajdeep Dutta,2024-02-01,2024-02-01,,,
GCD-4929,Rajdeep Dutta,2024-02-01,2024-02-01,,,
OX24012417434900676,Rajdeep Dutta,2024-02-05,2024-02-05,,,
GCD-3850,Rajdeep Dutta,2024-02-06,2024-02-06,,,
GCD-19791,Rajdeep Dutta,2024-02-07,2024-02-07,,,
GCD-19795,Rajdeep Dutta,2024-02-07,2024-02-07,,,
GCD-18483,Rajdeep Dutta,2024-02-12,2024-02-12,,,2026-02-09
GCD-17842,Rajdeep Dutta,2024-02-12,2024-02-12,,,
GCD-19812,Rajdeep Dutta,2024-02-13,2024-02-13,,,
GCD-19818,Rajdeep Dutta,2024-02-13,2024-02-13,,,
GCD-5901,Rajdeep Dutta,2024-02-15,2024-02-15,,,
GCD-18822,Rajdeep Dutta,2024-02-16,2024-02-16,,,2026-02-20
GCD-5583,Rajdeep Dutta,2024-02-16,2024-02-16,,,
GCD-19257,Rajdeep Dutta,2024-02-17,2024-02-17,,,
GCD-1000,Rajdeep Dutta,2024-02-17,2024-02-17,,,
GCD-4651,Rajdeep Dutta,2024-02-19,2024-02-19,,,2026-01-26
GCD-19696,Rajdeep Dutta,2024-02-19,2024-02-19,,,
GCD-1541,Rajdeep Dutta,2024-02-20,2024-02-20,,,
GCD-19798,Rajdeep Dutta,2024-02-21,2024-02-21,,,
GCD-1909,Rajdeep Dutta,2024-02-21,2024-02-21,,,
GCD-9429,Rajdeep Dutta,2024-02-22,2024-02-22,,,
GCD-19218,Rajdeep Dutta,2024-02-23,2024-02-23,,,
GCD-19149,Rajdeep Dutta,2024-02-23,2024-02-23,,,
GCD-19882,Rajdeep Dutta,2024-02-26,2024-02-26,,,2026-01-31
GCD-14822,Rajdeep Dutta,2024-02-26,2024-02-26,,,
GCD-17566,Rajdeep Dutta,2024-02-27,2024-02-27,,,2026-01-26
GCD-13323,Rajdeep Dutta,2024-02-28,2024-02-28,,,
GCD-3590,Rajdeep Dutta,2024-02-28,2024-02-28,,,
GCD-5880,Rajdeep Dutta,2024-02-28,2024-02-28,,,2026-02-11
GCD-3364,Rajdeep Dutta,2024-02-28,2025-01-06,2024-02-28,,2026-01-20
OX22122315361300514,Rajdeep Dutta,2024-02-29,2024-02-29,,,
GCD-18609,Rajdeep Dutta,2024-02-29,2024-02-29,,,
GCD-15897,Rajdeep Dutta,2024-02-29,2024-02-29,,,
GCD-19889,Rajdeep Dutta,2024-02-29,2024-02-29,,,
GCD-6532,Rajdeep Dutta,2024-03-01,2024-03-01,,,
GCD-3053,Rajdeep Dutta,2024-03-02,2024-03-02,,,
GCD-19897,Rajdeep Dutta,2024-03-04,2024-03-04,,,
GCD-19915,Rajdeep Dutta,2024-03-04,2024-03-04,,,
GCD-19514,Rajdeep Dutta,2024-03-05,2024-03-05,,,2026-02-23
GCD-19918,Rajdeep Dutta,2024-03-07,2024-03-07,,,2026-01-31
GCD-19906,Rajdeep Dutta,2024-03-08,2024-03-08,,,2026-02-24
GCD-1590,Rajdeep Dutta,2024-03-12,2024-03-12,,,
GCD-19931,Rajdeep Dutta,2024-03-13,2024-03-13,,,
GCD-19935,Rajdeep Dutta,2024-03-13,2024-03-13,,,
GCD-19939,Rajdeep Dutta,2024-03-14,2024-03-14,,,
GCD-5867,Rajdeep Dutta,2024-03-15,2024-03-15,,,
GCD-19295,Rajdeep Dutta,2024-03-15,2024-03-15,,,
GCD-19949,Rajdeep Dutta,2024-03-18,2024-03-18,,,
GCD-19973,Rajdeep Dutta,2024-03-20,2024-03-20,,,
GCD-2394,Rajdeep Dutta,2024-03-20,2024-03-20,,,
GCD-16552,Rajdeep Dutta,2024-03-21,2024-03-21,,,
GCD-19983,Rajdeep Dutta,2024-03-21,2024-03-21,,,
GCD-19990,Rajdeep Dutta,2024-03-25,2024-03-25,,,
GCD-5569,Rajdeep Dutta,2024-03-25,,2024-03-25,,
GCD-15875,Rajdeep Dutta,2024-03-25,2024-03-25,,,
GCD-19991,Rajdeep Dutta,2024-03-26,2024-03-26,,,
GCD-2651,Rajdeep Dutta,2024-04-02,2024-04-02,,,
GCD-20026,Rajdeep Dutta,2024-04-03,2024-04-03,,,2026-02-18
GCD-17910,Rajdeep Dutta,2024-04-03,2024-04-03,,,
GCD-20022,Rajdeep Dutta,2024-04-04,2024-04-04,,,
GCD-6936,Rajdeep Dutta,2024-04-04,2024-04-04,,,
GCD-5945,Rajdeep Dutta,2024-04-16,,2024-04-16,,
GCD-20037,Rajdeep Dutta,2024-04-17,,2024-04-17,,
GCD-11507,Rajdeep Dutta,2024-04-18,2024-12-31,2024-04-18,2025-06-04,
GCD-12169,Rajdeep Dutta,2024-04-24,,2024-04-24,,
GCD-20044,Rajdeep Dutta,2024-04-25,2024-12-24,2024-04-25,,2026-01-15
GCD-20046,Rajdeep Dutta,2024-04-25,2024-04-25,,,
GCD-2977,Rajdeep Dutta,2024-04-25,2024-04-25,,,
GCD-20136,Rajdeep Dutta,2024-04-26,,2024-04-26,,
GCD-20051,Rajdeep Dutta,2024-04-26,2024-04-26,,,
GCD-20054,Rajdeep Dutta,2024-04-29,,2024-04-29,,
GCD-4590,Rajdeep Dutta,2024-04-29,2024-04-29,,,2026-02-16
GCD-18606,Rajdeep Dutta,2024-04-30,2024-04-30,,,
GCD-3856,Rajdeep Dutta,2024-04-30,,2024-04-30,,
GCD-10992,Etrisno,2024-04-30,,2024-04-30,,
GCD-16801,Rajdeep Dutta,2024-05-02,,2024-05-02,,
GCD-19986,Etrisno,2024-05-03,,2024-05-03,,
GCD-20047,Rajdeep Dutta,2024-05-03,,2024-05-03,,
GCD-10920,Rajdeep Dutta,2024-05-04,2024-05-04,,,
GCD-18304,Rajdeep Dutta,2024-05-06,2026-06-24,2024-05-06,,2026-02-23
GCD-19095,Rajdeep Dutta,2024-05-06,2024-05-06,,,
GCD-20065,Rajdeep Dutta,2024-05-06,2024-05-06,,,2026-02-12
GCD-20103,Rajdeep Dutta,2024-05-06,,2024-05-06,,
GCD-19407,Etrisno,2024-05-07,2025-01-13,2024-05-07,,
GCD-19871,Etrisno,2024-05-07,,2024-05-07,,
GCD-20039,Rajdeep Dutta,2024-05-07,,2024-05-07,,
GCD-20151,Rajdeep Dutta,2024-05-07,,2024-05-07,,
GCD-4943,Rajdeep Dutta,2024-05-10,2024-05-10,,,
GCD-2331,Rajdeep Dutta,2024-05-13,2025-01-30,2024-05-13,2025-08-11,
GCD-1953,Rajdeep Dutta,2024-05-13,2024-05-13,,,
GCD-18889,Rajdeep Dutta,2024-05-13,2025-01-13,2024-05-13,,
OX22032416181700826,Rajdeep Dutta,2024-05-13,,2024-05-13,,
GCD-19783,Etrisno,2024-05-14,,2024-05-14,,
GCD-20025,Etrisno,2024-05-14,,2024-05-14,,
GCD-20073,Rajdeep Dutta,2024-05-14,,2024-05-14,,
GCD-20090,Rajdeep Dutta,2024-05-14,2025-03-18,2024-05-14,,2026-01-09
GCD-3809,Etrisno,2024-05-15,2025-03-03,2024-05-15,,
GCD-7593,Etrisno,2024-05-15,,2024-05-15,,
GCD-2676,Etrisno,2024-05-15,,2024-05-15,,
GCD-20106,Rajdeep Dutta,2024-05-15,2025-04-16,2024-05-15,,2026-01-09
GCD-20093,Rajdeep Dutta,2024-05-16,2024-05-16,,,
GCD-20077,Rajdeep Dutta,2024-05-16,,2024-05-16,,
GCD-19907,Etrisno,2024-05-16,,2024-05-16,,
GCD-20096,Etrisno,2024-05-16,2025-03-18,2024-05-16,,
GCD-20097,Etrisno,2024-05-17,,2024-05-17,,
GCD-18479,Rajdeep Dutta,2024-05-17,,2024-05-17,,
OX23042414581700890,Rajdeep Dutta,2024-05-17,,2024-05-17,,
GCD-20094,Etrisno,2024-05-17,,2024-05-17,,
GCD-6640,Rajdeep Dutta,2024-05-17,,2024-05-17,,
GCD-20095,Rajdeep Dutta,2024-05-17,,2024-05-17,,
GCD-20115,Rajdeep Dutta,2024-05-20,2024-12-17,2024-05-20,,2025-12-12
GCD-19725,Etrisno,2024-05-20,,2024-05-20,,
GCD-17830,Rajdeep Dutta,2024-05-21,,2024-05-21,,
GCD-4807,Rajdeep Dutta,2024-05-21,,2024-05-21,,
GCD-18440,Etrisno,2024-05-21,,2024-05-21,,
GCD-20109,Rajdeep Dutta,2024-05-22,,2024-05-22,,
GCD-20113,Rajdeep Dutta,2024-05-22,,2024-05-22,,
GCD-20067,Etrisno,2024-05-22,,2024-05-22,,
GCD-20114,Rajdeep Dutta,2024-05-22,,2024-05-22,,
GCD-19549,Rajdeep Dutta,2024-05-25,,2024-05-25,,
GCD-6310,Etrisno,2024-05-27,,2024-05-27,,
GCD-6486,Rajdeep Dutta,2024-05-27,,2024-05-27,,
GCD-7824,Rajdeep Dutta,2024-05-28,,2024-05-28,,
GCD-1476,Etrisno,2024-05-28,,2024-05-28,,
GCD-20089,Rajdeep Dutta,2024-05-29,2024-12-27,2024-05-29,,2026-01-15
GCD-20104,Rajdeep Dutta,2024-05-29,,2024-05-29,,
GCD-2183,Rajdeep Dutta,2024-05-29,2025-03-12,2024-05-29,,2026-01-09
GCD-20121,Etrisno,2024-05-29,,2024-05-29,,
GCD-20084,Rajdeep Dutta,2024-05-29,,2024-05-29,,
GCD-20124,Rajdeep Dutta,2024-05-30,,2024-05-30,,
GCD-5200,Etrisno,2024-05-31,,2024-05-31,,
GCD-15786,Rajdeep Dutta,2024-05-31,,2024-05-31,,
GCD-17012,Rajdeep Dutta,2024-05-31,,2024-05-31,,
GCD-20078,Etrisno,2024-05-31,,2024-05-31,,
GCD-3933,Rajdeep Dutta,2024-05-31,,2024-05-31,,
GCD-18982,Etrisno,2024-06-03,,2024-06-03,,
GCD-20069,Etrisno,2024-06-03,2025-03-07,2024-06-03,,
GCD-20135,Rajdeep Dutta,2024-06-03,,2024-06-03,,
GCD-20020,Rajdeep Dutta,2024-06-03,,2024-06-03,,
GCD-20132,Rajdeep Dutta,2024-06-03,2025-03-11,2024-06-03,,2026-02-09
GCD-20129,Rajdeep Dutta,2024-06-04,,2024-06-04,,
GCD-20134,Etrisno,2024-06-04,,2024-06-04,,
GCD-10948,Etrisno,2024-06-05,,2024-06-05,,
GCD-20110,Rajdeep Dutta,2024-06-06,,2024-06-06,,
GCD-20082,Rajdeep Dutta,2024-06-06,,2024-06-06,,
GCD-5891,Etrisno,2024-06-06,,2024-06-06,,
GCD-10169,Etrisno,2024-06-07,,2024-06-07,,
GCD-1682,Rajdeep Dutta,2024-06-07,2025-01-07,2024-06-07,,
GCD-11259,Etrisno,2024-06-10,2025-03-12,2024-06-10,,
GCD-20128,Rajdeep Dutta,2024-06-10,,2024-06-10,,
GCD-16912,Rajdeep Dutta,2024-06-10,,2024-06-10,,
GCD-6965,Rajdeep Dutta,2024-06-11,,2024-06-11,,
GCD-10090,Etrisno,2024-06-11,2024-12-30,2024-06-11,,
GCD-10241,Rajdeep Dutta,2024-06-11,,2024-06-11,,
GCD-20154,Rajdeep Dutta,2024-06-11,2025-02-25,2024-06-11,,2026-01-22
GCD-20157,Rajdeep Dutta,2024-06-11,2025-01-03,2024-06-11,,
GCD-20144,Etrisno,2024-06-10,2025-01-21,2024-06-10,,
GCD-20150,Rajdeep Dutta,2024-06-12,,2024-06-12,,
GCD-2158,Etrisno,2024-06-12,2025-03-06,2024-06-12,,
GCD-20153,Rajdeep Dutta,2024-06-13,2024-12-26,2024-06-13,,
GCD-3518,Rajdeep Dutta,2024-06-13,,2024-06-13,,
GCD-20162,Rajdeep Dutta,2024-06-13,,2024-06-13,,
GCD-4228,Rajdeep Dutta,2024-06-14,2025-01-13,2024-06-14,,
GCD-6621,Etrisno,2024-06-14,,2024-06-14,,
GCD-20075,Rajdeep Dutta,2024-06-14,,2024-06-14,,
GCD-20160,Rajdeep Dutta,2024-06-18,2025-03-07,2024-06-18,,
GCD-10040,Rajdeep Dutta,2024-06-18,,2024-06-18,,
GCD-20152,Rajdeep Dutta,2024-06-19,2025-02-06,2024-06-19,,
GCD-20180,Rajdeep Dutta,2024-06-19,,2024-06-19,,
GCD-16922,Etrisno,2024-06-20,2025-02-25,2024-06-20,,
GCD-15083,Etrisno,2024-06-20,2025-02-06,2024-06-20,,
GCD-20158,Rajdeep Dutta,2024-06-20,,2024-06-20,,
GCD-12405,Etrisno,2024-06-20,2025-01-02,2024-06-20,,
GCD-20171,Rajdeep Dutta,2024-06-20,2025-01-06,2024-06-20,,2026-01-20
GCD-11368,Rajdeep Dutta,2024-06-20,2025-01-14,2024-06-20,,
GCD-20172,Rajdeep Dutta,2024-06-20,,2024-06-20,,
GCD-3123,Rajdeep Dutta,2024-06-20,2025-01-09,2024-06-20,,2026-01-29
GCD-20227,Rajdeep Dutta,2024-06-20,,2024-06-20,,
GCD-20080,Etrisno,2024-06-21,,2024-06-21,,
GCD-19876,Etrisno,2024-06-21,,2024-06-21,,
GCD-2712,Etrisno,2024-06-22,,2024-06-22,,
GCD-6716,Rajdeep Dutta,2024-06-24,,2024-06-24,,
GCD-12948,Etrisno,2024-06-24,,2024-06-24,,
GCD-6494,Etrisno,2024-06-25,2025-01-06,2024-06-25,,
GCD-11910,Etrisno,2024-06-25,,2024-06-25,,
GCD-20187,Rajdeep Dutta,2024-06-25,,2024-06-25,,
GCD-19441,Rajdeep Dutta,2024-06-25,,2024-06-25,,
GCD-20155,Etrisno,2024-06-25,2025-01-13,2024-06-25,,
GCD-2707,Rajdeep Dutta,2024-06-25,,2024-06-25,,
GCD-20183,Rajdeep Dutta,2024-06-26,,2024-06-26,,
GCD-12950,Rajdeep Dutta,2024-06-26,,2024-06-26,,
GCD-13214,Etrisno,2024-06-26,,2024-06-26,,
GCD-17219,Rajdeep Dutta,2024-06-26,2025-03-07,2024-06-26,,
GCD-14164,Etrisno,2024-06-26,2025-02-13,2024-06-26,,
GCD-12124,Etrisno,2024-06-26,2024-12-20,2024-06-26,,
GCD-13564,Etrisno,2024-06-27,2025-01-09,2024-06-27,,
GCD-17327,Rajdeep Dutta,2024-06-27,2025-01-06,2024-06-27,,
GCD-5349,Etrisno,2024-06-27,2025-01-13,2024-06-27,,
GCD-9589,Etrisno,2024-06-27,,2024-06-27,,
GCD-12892,Rajdeep Dutta,2024-06-27,2024-10-31,2024-06-27,,
GCD-20195,Rajdeep Dutta,2024-06-27,2025-01-06,2024-06-27,,2026-01-29
GCD-20200,Rajdeep Dutta,2024-06-27,2025-03-10,2024-06-27,,2026-02-09
GCD-3694,Rajdeep Dutta,2024-06-27,2025-05-08,2024-06-27,,
GCD-5053,Etrisno,2024-06-27,2024-12-23,2024-06-27,,
GCD-7698,Etrisno,2024-06-27,2025-01-06,2024-06-27,,
GCD-20202,Rajdeep Dutta,2024-06-27,,2024-06-27,,
GCD-20199,Rajdeep Dutta,2024-06-27,,2024-06-27,,
GCD-20204,Rajdeep Dutta,2024-06-28,,2024-06-28,,
GCD-18502,Etrisno,2024-06-28,,2024-06-28,,
GCD-20182,Etrisno,2024-06-26,,2024-06-26,,
GCD-18862,Etrisno,2024-06-28,,2024-06-28,,
GCD-17199,Etrisno,2024-06-28,,2024-06-28,,
GCD-6313,Rajdeep Dutta,2024-06-29,2025-01-07,2024-06-29,,
GCD-3963,Rajdeep Dutta,2024-07-01,,2024-07-01,,
GCD-20208,Rajdeep Dutta,2024-07-01,,2024-07-01,,
GCD-8095,Etrisno,2024-07-01,,2024-07-01,,
GCD-9665,Etrisno,2024-07-01,2025-01-06,2024-07-01,,
GCD-3934,Etrisno,2024-07-01,,2024-07-01,,
GCD-20212,Rajdeep Dutta,2024-07-02,,2024-07-02,,
GCD-4049,Rajdeep Dutta,2024-07-03,2025-06-10,2024-07-03,,
GCD-19424,Rajdeep Dutta,2024-07-03,2025-03-12,2024-07-03,,2025-12-30
GCD-3232,Etrisno,2024-07-03,,2024-07-03,,
GCD-19880,Etrisno,2024-07-03,,2024-07-03,,
GCD-5662,Rajdeep Dutta,2024-07-03,,2024-07-03,,
GCD-7011,Etrisno,2024-07-03,2025-05-20,2024-07-03,,
GCD-20447,Etrisno,2024-07-03,2025-01-06,2024-07-03,,
GCD-5875,Etrisno,2024-07-03,2025-01-21,2024-07-03,,
GCD-2718,Rajdeep Dutta,2024-07-03,2024-12-11,2024-07-03,,
GCD-15115,Etrisno,2024-07-03,,2024-07-03,,
GCD-20091,Etrisno,2024-07-04,,2024-07-04,,
GCD-4342,Rajdeep Dutta,2024-05-31,,2024-05-31,,
GCD-9865,Rajdeep Dutta,2024-07-05,2024-12-27,2024-07-05,,2025-12-17
GCD-16186,Rajdeep Dutta,2024-07-06,2025-01-02,2024-07-06,2026-03-18,2026-02-14
GCD-20176,Rajdeep Dutta,2024-07-06,,2024-07-06,,
GCD-7439,Rajdeep Dutta,2024-07-08,,2024-07-08,,
GCD-20083,Etrisno,2024-07-08,2025-01-21,2024-07-08,,
GCD-10030,Etrisno,2024-07-09,,2024-07-09,,
GCD-4284,Etrisno,2024-07-09,,2024-07-09,,
GCD-17386,Rajdeep Dutta,2024-07-09,2024-12-17,2024-07-09,,
GCD-6574,Etrisno,2024-07-09,,2024-07-09,,
GCD-2821,Rajdeep Dutta,2024-07-10,2025-02-25,2024-07-10,,2025-12-18
GCD-20213,Etrisno,2024-07-10,,2024-07-10,,
GCD-7509,Etrisno,2024-07-11,,2024-07-11,,
GCD-20190,Rajdeep Dutta,2024-07-11,,2024-07-11,,
GCD-20175,Rajdeep Dutta,2024-07-11,2025-01-06,2024-07-11,,2025-12-17
GCD-4102,Rajdeep Dutta,2024-07-11,,2024-07-11,,
GCD-3311,Etrisno,2024-07-12,,2024-07-12,,
GCD-9621,Etrisno,2024-07-12,2025-02-27,2024-07-12,,
GCD-20178,Rajdeep Dutta,2024-07-13,2025-01-17,2024-07-13,,2026-02-21
GCD-20264,Rajdeep Dutta,2024-07-15,,2024-07-15,,
GCD-13624,Etrisno,2024-07-15,,2024-07-15,,
GCD-20258,Rajdeep Dutta,2024-07-15,,2024-07-15,,
GCD-2454,Rajdeep Dutta,2024-07-15,,2024-07-15,,
GCD-12861,Etrisno,2024-07-16,2025-03-18,2024-07-16,,
GCD-12043,Etrisno,2024-07-16,,2024-07-16,,
GCD-20248,Etrisno,2024-07-16,,2024-07-16,,
GCD-10786,Etrisno,2024-07-16,2025-01-02,2024-07-16,,
GCD-5853,Rajdeep Dutta,2024-07-16,2025-02-17,2024-07-16,,2026-01-30
GCD-7717,Etrisno,2024-07-16,2025-01-14,2024-07-16,,
GCD-20225,Rajdeep Dutta,2024-07-17,,2024-07-17,,
GCD-3676,Rajdeep Dutta,2024-07-17,,2024-07-17,,
GCD-20214,Etrisno,2024-06-28,,2024-06-28,,
GCD-9670,Etrisno,2024-07-17,,2024-07-17,,
GCD-20277,Rajdeep Dutta,2024-07-18,2025-03-14,2024-07-18,,
GCD-1352,Rajdeep Dutta,2024-07-18,2025-04-22,2024-07-18,,2026-02-23
GCD-20285,Rajdeep Dutta,2024-07-18,2024-12-27,2024-07-18,,2026-01-08
GCD-18792,Rajdeep Dutta,2024-07-18,,2024-07-18,,
GCD-20267,Etrisno,2024-07-18,,2024-07-18,,
GCD-20279,Rajdeep Dutta,2024-07-18,2025-02-21,2024-07-18,,
GCD-20364,Etrisno,2024-07-18,,2024-07-18,,
GCD-5527,Etrisno,2024-07-19,2025-01-11,2024-07-19,,
GCD-10325,Rajdeep Dutta,2024-07-19,,2024-07-19,,
GCD-13979,Rajdeep Dutta,2024-07-19,,2024-07-19,,
GCD-10399,Etrisno,2024-07-19,,2024-07-19,,
OX22062414050501275,Rajdeep Dutta,2024-07-19,,2024-07-19,,
GCD-1357,Etrisno,2024-07-19,,2024-07-19,,
GCD-20229,Etrisno,2024-07-20,,2024-07-20,,
GCD-16449,Etrisno,2024-07-19,2025-01-22,2024-07-19,,
GCD-9017,Rajdeep Dutta,2024-07-22,2025-03-03,2024-07-22,,2026-01-20
GCD-4093,Etrisno,2024-07-22,2025-02-06,2024-07-22,,
GCD-5689,Etrisno,2024-07-22,,2024-07-22,,
GCD-20282,Etrisno,2024-07-22,2025-01-20,2024-07-22,,
GCD-9882,Rajdeep Dutta,2024-07-22,,2024-07-22,,
GCD-20292,Rajdeep Dutta,2024-07-22,2025-02-06,2024-07-22,,2026-01-15
GCD-7435,Etrisno,2024-07-23,2025-02-26,2024-07-23,,
GCD-19803,Etrisno,2024-07-23,,2024-07-23,,
GCD-19581,Etrisno,2024-07-23,,2024-07-23,,
GCD-20312,Rajdeep Dutta,2024-07-23,2025-03-12,2024-07-23,,
GCD-19159,Rajdeep Dutta,2024-07-23,,2024-07-23,,
GCD-5324,Etrisno,2024-07-23,2025-01-24,2024-07-23,,
GCD-20228,Etrisno,2024-07-23,2025-02-03,2024-07-23,,
GCD-20299,Rajdeep Dutta,2024-07-23,2025-03-27,2024-07-23,,
GCD-2913,Etrisno,2024-07-23,,2024-07-23,,
GCD-20278,Etrisno,2024-07-24,2025-01-15,2024-07-24,,
GCD-20311,Rajdeep Dutta,2024-07-24,,2024-07-24,,
GCD-20250,Rajdeep Dutta,2024-07-19,2025-01-02,2024-07-19,,
GCD-11154,Etrisno,2024-07-24,2025-01-08,2024-07-24,,
GCD-3830,Rajdeep Dutta,2024-07-24,2025-01-02,2024-07-24,,
GCD-5458,Etrisno,2024-07-24,,2024-07-24,,
GCD-11880,Etrisno,2024-07-25,,2024-07-25,,
GCD-20321,Rajdeep Dutta,2024-07-25,2025-01-23,2024-07-25,,2026-01-31
GCD-11959,Etrisno,2024-07-25,,2024-07-25,,
GCD-20317,Rajdeep Dutta,2024-07-25,2025-01-09,2024-07-25,,
GCD-6721,Rajdeep Dutta,2024-07-25,2025-01-06,2024-07-25,,
GCD-20319,Rajdeep Dutta,2024-07-25,2024-12-27,2024-07-25,,
GCD-20265,Etrisno,2024-07-25,2025-01-02,2024-07-25,,
GCD-20281,Etrisno,2024-07-25,,2024-07-25,,
GCD-16579,Rajdeep Dutta,2024-07-26,2025-02-27,2024-07-26,,2026-01-23
GCD-20240,Rajdeep Dutta,2024-07-26,,2024-07-26,,
GCD-20193,Etrisno,2024-07-26,2025-02-11,2024-07-26,,
GCD-3513,Etrisno,2024-07-26,,2024-07-26,,
GCD-20271,Etrisno,2024-07-27,,2024-07-27,,
GCD-20726,Rajdeep Dutta,2024-07-27,,2024-07-27,,
GCD-13541,Rajdeep Dutta,2024-07-27,,2024-07-27,,
GCD-17469,Rajdeep Dutta,2024-07-27,2025-01-06,2024-07-27,,2026-01-22
GCD-20275,Rajdeep Dutta,2024-07-27,,2024-07-27,,
GCD-20329,Rajdeep Dutta,2024-07-29,2025-01-10,2024-07-29,,
GCD-20333,Etrisno,2024-07-29,,2024-07-29,,
GCD-20306,Rajdeep Dutta,2024-07-29,,2024-07-29,,
GCD-20354,Etrisno,2024-07-29,,2024-07-29,,
GCD-14809,Rajdeep Dutta,2024-07-29,2024-07-29,,,
GCD-20326,Rajdeep Dutta,2024-07-29,2025-09-24,2024-07-29,,2026-03-17
GCD-3939,Rajdeep Dutta,2024-07-29,2025-03-18,2024-07-29,,2026-02-23
GCD-12533,Rajdeep Dutta,2024-07-29,2025-07-10,2024-07-29,,
GCD-14699,Etrisno,2024-07-30,,2024-07-30,,
GCD-20339,Etrisno,2024-07-30,,2024-07-30,,
GCD-17730,Etrisno,2024-07-31,,2024-07-31,,
GCD-20307,Etrisno,2024-07-31,,2024-07-31,,
GCD-20342,Rajdeep Dutta,2024-07-31,,2024-07-31,,
GCD-20340,Rajdeep Dutta,2024-07-31,2025-02-26,2024-07-31,,
GCD-20345,Rajdeep Dutta,2024-07-31,2025-03-18,2024-07-31,,2026-01-15
GCD-20338,Etrisno,2024-07-31,,2024-07-31,,
GCD-5502,Rajdeep Dutta,2024-07-31,2025-01-07,2024-07-31,,
GCD-11225,Etrisno,2024-07-31,,2024-07-31,,
GCD-13133,Rajdeep Dutta,2024-07-31,,2024-07-31,,
GCD-5442,Etrisno,2024-08-01,,2024-08-01,,
GCD-6900,Etrisno,2024-08-01,2025-01-06,2024-08-01,,
GCD-7409,Etrisno,2024-08-01,,2024-08-01,,
GCD-20256,Etrisno,2024-08-01,,2024-08-01,,
GCD-9996,Etrisno,2024-08-01,,2024-08-01,,
GCD-19381,Etrisno,2024-08-01,2025-01-13,2024-08-01,,
GCD-14305,Etrisno,2024-08-02,2025-02-04,2024-08-02,,
GCD-20357,Rajdeep Dutta,2024-08-02,2025-01-02,2024-08-02,,2026-01-16
GCD-4584,Rajdeep Dutta,2024-08-02,,2024-08-02,,
GCD-20226,Etrisno,2024-08-02,,2024-08-02,,
GCD-20362,Rajdeep Dutta,2024-08-02,2025-03-11,2024-08-02,,2026-01-30
GCD-20490,Etrisno,2024-08-05,,2024-08-05,,
GCD-20355,Etrisno,2024-08-05,2025-02-07,2024-08-05,,
GCD-16553,Rajdeep Dutta,2024-08-05,,2024-08-05,,
GCD-8075,Rajdeep Dutta,2024-08-06,2025-03-26,2024-08-06,,2026-01-28
GCD-20334,Etrisno,2024-08-06,,2024-08-06,,
GCD-12350,Rajdeep Dutta,2024-08-06,,2024-08-06,,
GCD-20365,Rajdeep Dutta,2024-08-06,,2024-08-06,,
GCD-6723,Etrisno,2024-08-07,,2024-08-07,,
GCD-4149,Rajdeep Dutta,2024-08-07,2025-03-04,2024-08-07,,
GCD-20501,Etrisno,2024-08-07,2025-01-15,2024-08-07,,
GCD-20337,Rajdeep Dutta,2024-08-08,2024-12-23,2024-08-08,,
GCD-4738,Etrisno,2024-08-08,2025-01-24,2024-08-08,,
GCD-20466,Rajdeep Dutta,2024-08-08,2025-01-20,2024-08-08,,2026-01-30
GCD-6257,Rajdeep Dutta,2024-08-08,,2024-08-08,,
GCD-9720,Rajdeep Dutta,2024-08-08,,2024-08-08,,
GCD-6564,Etrisno,2024-08-08,,2024-08-08,,
GCD-20376,Rajdeep Dutta,2024-08-08,2025-01-20,2024-08-08,,2025-12-22
GCD-5457,Rajdeep Dutta,2024-08-08,2025-01-08,2024-08-08,,
GCD-12016,Etrisno,2024-08-08,,2024-08-08,,
GCD-19875,Etrisno,2024-08-08,,2024-08-08,,
GCD-8851,Etrisno,2024-08-08,,2024-08-08,,
GCD-6732,Rajdeep Dutta,2024-08-08,,2024-08-08,,
GCD-3520,Etrisno,2024-08-08,,2024-08-08,,
GCD-20241,Etrisno,2024-08-09,,2024-08-09,,
GCD-8799,Rajdeep Dutta,2024-08-09,,2024-08-09,,
GCD-3185,Etrisno,2024-08-09,,2024-08-09,,
GCD-20373,Rajdeep Dutta,2024-08-09,2025-01-15,2024-08-09,,
GCD-5870,Etrisno,2024-08-10,,2024-08-10,,
GCD-3482,Rajdeep Dutta,2024-08-12,2025-08-31,2024-08-12,,
GCD-20367,Rajdeep Dutta,2024-08-12,2025-03-04,2024-08-12,,2026-01-28
GCD-18888,Etrisno,2024-08-12,,2024-08-12,,
GCD-20138,Rajdeep Dutta,2024-08-13,,2024-08-13,,
GCD-20399,Rajdeep Dutta,2024-08-13,,2024-08-13,,
GCD-20360,Rajdeep Dutta,2024-08-13,2024-12-16,2024-08-13,,2025-12-12
GCD-20310,Rajdeep Dutta,2024-08-14,,2024-08-14,,
GCD-16298,Etrisno,2024-08-14,,2024-08-14,,
GCD-20288,Etrisno,2024-08-14,,2024-08-14,,
GCD-20410,Etrisno,2024-08-14,,2024-08-14,,
GCD-8069,Etrisno,2024-08-14,2025-01-08,2024-08-14,,
GCD-8768,Etrisno,2024-08-15,,2024-08-15,,
GCD-20407,Etrisno,2024-08-15,,2024-08-15,,
GCD-11319,Rajdeep Dutta,2024-08-15,2025-03-07,2024-08-15,,2026-02-23
GCD-10226,Rajdeep Dutta,2024-08-15,,2024-08-15,,
GCD-20363,Rajdeep Dutta,2024-08-15,2025-02-24,2024-08-15,,2026-04-25
GCD-5642,Etrisno,2024-08-16,,2024-08-16,,
GCD-20372,Rajdeep Dutta,2024-08-16,2025-03-25,2024-08-16,,2026-01-20
GCD-20383,Etrisno,2024-08-16,,2024-08-16,,
GCD-19739,Etrisno,2024-08-16,,2024-08-16,,
GCD-20377,Etrisno,2024-08-19,2025-01-06,2024-08-19,,
GCD-10154,Etrisno,2024-08-20,,2024-08-20,,
GCD-14009,Etrisno,2024-08-20,2025-01-24,2024-08-20,,
GCD-20331,Etrisno,2024-08-20,,2024-08-20,,
GCD-15731,Etrisno,2024-08-20,,2024-08-20,,
GCD-20259,Rajdeep Dutta,2024-08-20,,2024-08-20,,
GCD-20420,Rajdeep Dutta,2024-08-20,,2024-08-20,,
GCD-5360,Etrisno,2024-08-20,,2024-08-20,,
GCD-20021,Etrisno,2024-08-21,,2024-08-21,,
GCD-20386,Etrisno,2024-08-21,2025-07-23,2024-08-21,,
GCD-13513,Etrisno,2024-08-21,2025-02-14,2024-08-21,,
GCD-20417,Rajdeep Dutta,2024-08-21,2024-12-20,2024-08-21,,
GCD-20421,Rajdeep Dutta,2024-08-21,,2024-08-21,,
GCD-19354,Rajdeep Dutta,2024-08-21,2025-01-03,2024-08-21,,
GCD-20422,Rajdeep Dutta,2024-08-21,,2024-08-21,,
GCD-9856,Rajdeep Dutta,2024-08-21,2025-01-06,2024-08-21,,
GCD-8710,Etrisno,2024-08-22,,2024-08-22,,
GCD-20403,Etrisno,2024-08-22,,2024-08-22,,
GCD-8685,Etrisno,2024-08-22,,2024-08-22,,
GCD-20406,Etrisno,2024-08-22,,2024-08-22,,
GCD-20335,Rajdeep Dutta,2024-08-22,,2024-08-22,,
GCD-17584,Etrisno,2024-08-22,,2024-08-22,,
GCD-20435,Rajdeep Dutta,2024-08-23,,2024-08-23,,
GCD-9469,Etrisno,2024-08-23,2025-03-14,2024-08-23,,
GCD-4844,Etrisno,2024-08-23,2025-08-25,2024-08-23,,
GCD-20437,Etrisno,2024-08-23,,2024-08-23,,
GCD-20401,Etrisno,2024-08-23,,2024-08-23,,
GCD-20390,Rajdeep Dutta,2024-08-23,2025-01-13,2024-08-23,,
GCD-20424,Etrisno,2024-08-24,,2024-08-24,,
GCD-20405,Rajdeep Dutta,2024-08-24,2025-03-05,2024-08-24,,2025-12-17
GCD-20415,Etrisno,2024-08-25,,2024-08-25,,
GCD-20439,Rajdeep Dutta,2024-08-26,,2024-08-26,,
GCD-19519,Rajdeep Dutta,2024-08-26,,2024-08-26,,
GCD-20446,Rajdeep Dutta,2024-08-26,2025-01-09,2024-08-26,,2026-01-22
GCD-20366,Etrisno,2024-08-26,2025-03-04,2024-08-26,,
GCD-20416,Rajdeep Dutta,2024-08-26,,2024-08-26,,
GCD-5626,Etrisno,2024-08-27,2025-02-04,2024-08-27,,
GCD-20550,Etrisno,2024-08-27,2025-01-16,2024-08-27,,
GCD-5122,Etrisno,2024-08-27,,2024-08-27,,
GCD-20381,Rajdeep Dutta,2024-08-27,,2024-08-27,,
GCD-19566,Etrisno,2024-08-27,2025-02-06,2024-08-27,,
GCD-3171,Rajdeep Dutta,2024-08-27,,,2024-08-27,
GCD-12193,Rajdeep Dutta,2024-08-27,2025-01-22,2024-08-27,,
GCD-4388,Etrisno,2024-08-29,,2024-08-29,,
GCD-10785,Etrisno,2024-08-29,2025-01-14,2024-08-29,,
GCD-14413,Etrisno,2024-08-30,2025-01-23,2024-08-30,,
GCD-20427,Etrisno,2024-08-30,,2024-08-30,,
GCD-10636,Etrisno,2024-08-30,,2024-08-30,,
GCD-9870,Etrisno,2024-08-30,,2024-08-30,,
GCD-4887,Rajdeep Dutta,2024-08-30,,2024-08-30,,
GCD-20455,Rajdeep Dutta,2024-08-30,,2024-08-30,,
GCD-13595,Rajdeep Dutta,2024-08-30,,2024-08-30,,
GCD-20459,Rajdeep Dutta,2024-08-30,2025-02-19,2024-08-30,2025-07-10,2025-12-22
GCD-12685,Etrisno,2024-08-31,2025-01-06,2024-08-31,,
GCD-15892,Etrisno,2024-08-31,,2024-08-31,,
GCD-5625,Etrisno,2024-08-31,,2024-08-31,,
GCD-5639,Etrisno,2024-08-31,,2024-08-31,,
GCD-20371,Etrisno,2024-09-02,2024-12-19,2024-09-02,,
GCD-20451,Rajdeep Dutta,2024-09-03,2025-01-15,2024-09-03,,2026-01-28
GCD-2558,Rajdeep Dutta,2024-09-03,2025-03-18,2024-09-03,,
GCD-19418,Rajdeep Dutta,2024-09-03,2025-02-28,2024-09-03,,
GCD-20469,Rajdeep Dutta,2024-09-05,2024-12-06,,2024-09-05,
GCD-20472,Rajdeep Dutta,2024-09-05,,2024-09-05,,
GCD-17559,Etrisno,2024-09-06,,2024-09-06,,
GCD-3846,Rajdeep Dutta,2024-09-06,2025-02-27,2024-09-06,,
GCD-20443,Rajdeep Dutta,2024-09-06,,2024-09-06,,
GCD-20432,Rajdeep Dutta,2024-09-06,,2024-09-06,,
GCD-20458,Etrisno,2024-09-07,2025-02-20,2024-09-07,,
GCD-12970,Etrisno,2024-09-07,2025-05-01,2024-09-07,,
GCD-20440,Etrisno,2024-09-09,,2024-09-09,,
GCD-20298,Rajdeep Dutta,2024-09-10,,2024-09-10,,
GCD-20370,Rajdeep Dutta,2024-09-10,,2024-09-10,,
GCD-7231,Rajdeep Dutta,2024-09-10,2025-11-17,2024-09-10,,2026-01-31
GCD-5323,Etrisno,2024-09-10,2025-01-13,2024-09-10,,
GCD-20161,Rajdeep Dutta,2024-09-10,2024-12-18,2024-09-10,,2025-12-12
GCD-20425,Etrisno,2024-09-11,,2024-09-11,,
GCD-18203,Etrisno,2024-09-11,,2024-09-11,,
GCD-6446,Etrisno,2024-09-11,2025-01-15,2024-09-11,,
OX16082410310201737,Etrisno,2024-09-11,,2024-09-11,,
GCD-20414,Rajdeep Dutta,2024-09-11,,2024-09-11,,
GCD-20391,Rajdeep Dutta,2024-09-11,,2024-09-11,,
GCD-20444,Rajdeep Dutta,2024-09-11,2025-01-16,2024-09-11,,2026-02-04
GCD-20481,Etrisno,2024-09-12,2025-02-22,2024-09-12,,
GCD-20499,Rajdeep Dutta,2024-09-12,2025-04-17,2024-09-12,,
GCD-20512,Rajdeep Dutta,2024-09-12,2025-10-20,2024-09-12,,
GCD-2716,Rajdeep Dutta,2024-09-12,,2024-09-12,,
GCD-3950,Etrisno,2024-09-12,2025-03-13,2024-09-12,,
GCD-14115,Etrisno,2024-09-13,2025-01-20,2024-09-13,,
GCD-20503,Rajdeep Dutta,2024-09-13,2025-02-27,2024-09-13,,2026-01-24
GCD-20518,Rajdeep Dutta,2024-09-17,,2024-09-17,,
GCD-4437,Etrisno,2024-09-17,2025-02-03,2024-09-17,,
GCD-13262,Rajdeep Dutta,2024-09-17,2025-02-12,2024-09-17,,2026-03-06
GCD-14747,Etrisno,2024-09-17,,2024-09-17,,
GCD-4502,Rajdeep Dutta,2024-09-17,,2024-09-17,,
GCD-7223,Etrisno,2024-09-17,,2024-09-17,,
GCD-20452,Etrisno,2024-09-18,,2024-09-18,,
GCD-11566,Rajdeep Dutta,2024-09-18,2025-07-29,2024-09-18,,2026-01-21
GCD-20520,Rajdeep Dutta,2024-09-18,2024-12-19,2024-09-18,,2025-12-18
GCD-20507,Rajdeep Dutta,2024-09-18,,2024-09-18,,
GCD-3806,Etrisno,2024-09-18,2024-12-27,2024-09-18,,
GCD-20111,Rajdeep Dutta,2024-09-19,2025-01-14,2024-09-19,,2025-12-17
GCD-20487,Rajdeep Dutta,2024-09-19,,2024-09-19,,
GCD-5251,Etrisno,2024-09-19,,2024-09-19,,
GCD-20470,Etrisno,2024-09-19,2025-01-02,2024-09-19,,
GCD-20523,Rajdeep Dutta,2024-09-19,2024-12-30,2024-09-19,,
GCD-17434,Etrisno,2024-09-19,,2024-09-19,,
GCD-20484,Etrisno,2024-09-20,2024-12-20,2024-09-20,,
GCD-9904,Etrisno,2024-09-20,,2024-09-20,,
GCD-19926,Rajdeep Dutta,2024-09-20,,2024-09-20,,
OX07082415541701655,Etrisno,2024-09-23,,2024-09-23,,
OX09092418440401876,Etrisno,2024-09-23,,2024-09-23,,
GCD-20540,Etrisno,2024-09-23,,2024-09-23,,
GCD-3055,Rajdeep Dutta,2024-09-23,,2024-09-23,,
OX05082415074501616,Etrisno,2024-09-23,,2024-09-23,,
GCD-16502,Etrisno,2024-09-24,2025-01-15,2024-09-24,,
GCD-13160,Etrisno,2024-09-24,,2024-09-24,,
GCD-20534,Rajdeep Dutta,2024-09-24,,2024-09-24,,
GCD-20473,Rajdeep Dutta,2024-09-24,2025-03-13,2024-09-24,,
GCD-20542,Rajdeep Dutta,2024-09-25,2025-01-03,2024-09-25,,2026-01-29
GCD-5825,Etrisno,2024-09-25,,2024-09-25,,
GCD-10139,Etrisno,2024-09-25,,2024-09-25,,
GCD-20530,Rajdeep Dutta,2024-09-25,,2024-09-25,,
GCD-20430,Etrisno,2024-09-26,2025-01-13,2024-09-26,,
GCD-20539,Rajdeep Dutta,2024-09-26,,2024-09-26,,
GCD-20565,Rajdeep Dutta,2024-09-26,2024-12-24,2024-09-26,,2026-02-05
GCD-20548,Rajdeep Dutta,2024-09-26,,2024-09-26,,
GCD-4705,Rajdeep Dutta,2024-09-27,2025-02-26,2024-09-27,,2026-01-31
GCD-3943,Etrisno,2024-09-27,,2024-09-27,,
GCD-11266,Rajdeep Dutta,2024-09-27,,2024-09-27,,
GCD-20500,Rajdeep Dutta,2024-09-29,2025-04-25,2024-09-29,,
GCD-7166,Etrisno,2024-09-30,,2024-09-30,,
GCD-20552,Rajdeep Dutta,2024-09-30,,2024-09-30,,
GCD-5794,Rajdeep Dutta,2024-09-30,2025-02-17,2024-09-30,,
GCD-20556,Rajdeep Dutta,2024-10-02,2025-02-14,2024-10-02,,2026-01-21
GCD-16496,Rajdeep Dutta,2024-10-02,,2024-10-02,,
GCD-6904,Rajdeep Dutta,2024-10-03,2025-03-03,2024-10-03,,2025-12-24
GCD-20562,Rajdeep Dutta,2024-10-03,2025-02-14,2024-10-03,,
GCD-18933,Rajdeep Dutta,2024-10-04,2025-01-18,2024-10-04,,2026-01-27
GCD-18360,Etrisno,2024-10-04,2025-01-22,2024-10-04,,
GCD-8155,Rajdeep Dutta,2024-10-07,2025-04-30,2024-10-07,,
GCD-5820,Rajdeep Dutta,2024-10-08,,2024-10-08,,
GCD-20559,Rajdeep Dutta,2024-10-08,,2024-10-08,,
GCD-7707,Rajdeep Dutta,2024-10-08,2025-03-07,2024-10-08,,2026-01-26
GCD-10647,Etrisno,2024-10-08,,2024-10-08,,
GCD-10682,Etrisno,2024-10-08,2024-12-19,2024-10-08,,
GCD-16802,Rajdeep Dutta,2024-10-08,,2024-10-08,,
GCD-6948,Etrisno,2024-10-08,2025-03-06,2024-10-08,,
GCD-12471,Rajdeep Dutta,2024-10-08,2025-01-06,2024-10-08,,2026-01-21
GCD-6234,Etrisno,2024-10-09,,2024-10-09,,
GCD-18384,Etrisno,2024-10-09,,2024-10-09,,
GCD-12925,Rajdeep Dutta,2024-10-09,2025-02-07,2024-10-09,,
GCD-20551,Rajdeep Dutta,2024-10-09,2025-03-07,2024-10-09,,
GCD-20543,Rajdeep Dutta,2024-10-10,2025-01-14,2024-10-10,,
GCD-20330,Rajdeep Dutta,2024-10-11,2024-12-02,2024-10-11,,
GCD-20464,Rajdeep Dutta,2024-10-11,,2024-10-11,,
GCD-20536,Rajdeep Dutta,2024-10-14,,2024-10-14,,
GCD-20584,Rajdeep Dutta,2024-10-14,2024-12-18,2024-10-14,,
GCD-20618,Rajdeep Dutta,2024-10-15,,2024-10-15,,
GCD-5363,Rajdeep Dutta,2024-10-15,2025-01-13,2024-10-15,,2026-02-08
GCD-3459,Etrisno,2024-10-16,,2024-10-16,,
GCD-20586,Rajdeep Dutta,2024-10-16,2025-01-20,2024-10-16,,2025-12-16
GCD-20568,Rajdeep Dutta,2024-10-16,2025-02-13,2024-10-16,,
OX09092417115601874,Etrisno,2024-10-16,,2024-10-16,,
GCD-20592,Rajdeep Dutta,2024-10-17,2025-03-12,2024-10-17,,
GCD-12825,Etrisno,2024-10-17,,2024-10-17,,
GCD-20595,Rajdeep Dutta,2024-10-18,2025-03-13,2024-10-18,,
GCD-20602,Rajdeep Dutta,2024-10-22,2025-03-06,2024-10-22,,
GCD-20599,Rajdeep Dutta,2024-10-22,2025-01-10,2024-10-22,,
GCD-20555,Etrisno,2024-10-22,,2024-10-22,,
GCD-20603,Rajdeep Dutta,2024-10-22,,2024-10-22,,
GCD-5236,Rajdeep Dutta,2024-10-23,2025-03-17,2024-10-23,,
GCD-10016,Rajdeep Dutta,2024-10-23,2025-02-17,2024-10-23,,2026-02-06
GCD-14067,Etrisno,2024-10-24,2025-02-10,2024-10-24,,
GCD-20521,Rajdeep Dutta,2024-10-24,,2024-10-24,,
GCD-20612,Rajdeep Dutta,2024-10-24,2025-01-09,2024-10-24,,2026-02-13
GCD-5863,Etrisno,2024-10-24,,2024-10-24,,
GCD-20613,Rajdeep Dutta,2024-10-24,2024-12-30,2024-10-24,2025-02-06,
GCD-20601,Rajdeep Dutta,2024-10-24,2024-12-23,2024-10-24,,2026-02-12
GCD-20454,Etrisno,2024-09-23,,2024-09-23,,
GCD-19172,Etrisno,2024-10-24,,2024-10-24,,
GCD-20593,Rajdeep Dutta,2024-10-28,2025-01-06,2024-10-28,,
GCD-20622,Rajdeep Dutta,2024-10-29,2024-12-23,2024-10-29,,2026-01-26
GCD-18866,Rajdeep Dutta,2024-10-29,2025-03-14,2024-10-29,,2026-01-20
GCD-20607,Rajdeep Dutta,2024-10-29,2024-12-19,2024-10-29,,
GCD-20611,Rajdeep Dutta,2024-10-29,,2024-10-29,,
GCD-20570,Rajdeep Dutta,2024-10-29,2025-01-10,2024-10-29,,
GCD-18423,Rajdeep Dutta,2024-10-29,2025-04-23,2024-10-29,,2026-01-24
GCD-20620,Rajdeep Dutta,2024-10-30,,2024-10-30,,
GCD-20626,Rajdeep Dutta,2024-10-30,2024-12-06,2024-10-30,,
GCD-20560,Rajdeep Dutta,2024-10-30,2025-01-08,2024-10-30,,
GCD-20566,Rajdeep Dutta,2024-10-30,,2024-10-30,,
GCD-20621,Rajdeep Dutta,2024-10-30,2024-12-26,2024-10-30,,
GCD-5710,Rajdeep Dutta,2024-10-30,2025-04-07,2024-10-30,,
GCD-20525,Etrisno,2024-10-31,,2024-10-31,,
GCD-20636,Rajdeep Dutta,2024-11-01,,2024-11-01,,
GCD-5511,Rajdeep Dutta,2024-11-04,2025-03-20,2024-11-04,,
GCD-17708,Etrisno,2024-11-04,2024-12-19,2024-11-04,,
GCD-9868,Etrisno,2024-11-05,2025-02-05,2024-11-05,,
GCD-20637,Rajdeep Dutta,2024-11-06,,2024-11-06,,
GCD-9131,Etrisno,2024-11-06,2024-12-20,2024-11-06,,
GCD-20646,Rajdeep Dutta,2024-11-07,2024-11-07,,,
GCD-20648,Rajdeep Dutta,2024-11-07,2025-01-10,2024-11-07,,
GCD-20649,Rajdeep Dutta,2024-11-08,2025-04-11,2024-11-08,,
GCD-20639,Etrisno,2024-11-08,,2024-11-08,,
GCD-4562,Rajdeep Dutta,2024-11-11,2025-02-06,2024-11-11,,
GCD-20653,Rajdeep Dutta,2024-11-11,2024-12-23,2024-11-11,,2025-12-17
GCD-16776,Etrisno,2024-11-12,,2024-11-12,,
GCD-12949,Etrisno,2024-11-12,2025-01-10,2024-11-12,,
GCD-20652,Etrisno,2024-11-12,2025-01-18,2024-11-12,,
GCD-20661,Etrisno,2024-11-13,2024-12-20,2024-11-13,,
GCD-20662,Bursa OTO,2024-11-13,2025-01-02,2024-11-13,2025-05-06,2025-12-05
GCD-6205,Etrisno,2024-11-13,,2024-11-13,,
GCD-4412,Etrisno,2024-11-13,2025-01-13,2024-11-13,,
GCD-5410,Rajdeep Dutta,2024-11-13,2025-04-10,2024-11-13,,2026-01-31
GCD-20658,Etrisno,2024-11-14,,2024-11-14,,
GCD-20666,Rajdeep Dutta,2024-11-14,2024-11-14,,,
GCD-20660,Rajdeep Dutta,2024-11-14,,2024-11-14,,
GCD-20677,Rajdeep Dutta,2024-11-14,2025-01-25,2024-11-14,,
GCD-5077,Etrisno,2024-11-15,2025-03-11,2024-11-15,,
GCD-9763,Etrisno,2024-11-15,2025-01-09,2024-11-15,,2025-12-09
GCD-20670,Rajdeep Dutta,2024-11-15,2025-04-22,2024-11-15,,
GCD-20590,Etrisno,2024-11-16,2025-02-06,2024-11-16,,
GCD-20673,Rajdeep Dutta,2024-11-18,2025-01-03,2024-11-18,,
GCD-20685,Rajdeep Dutta,2024-11-19,2024-11-19,,,
GCD-20651,Rajdeep Dutta,2024-11-19,2024-11-19,,,
GCD-20676,Rajdeep Dutta,2024-11-20,2024-11-20,,,
GCD-20684,Rajdeep Dutta,2024-11-20,2024-11-20,,,
GCD-19827,Etrisno,2024-11-20,2025-01-22,2024-11-20,,
GCD-8584,Rajdeep Dutta,2024-11-20,2024-11-20,,,
GCD-3570,Rajdeep Dutta,2024-11-20,2024-11-20,,,2026-02-04
GCD-20691,Rajdeep Dutta,2024-11-20,2024-11-20,,,
GCD-4881,Etrisno,2024-11-20,2024-11-20,,,
GCD-20687,Rajdeep Dutta,2024-11-20,2024-11-20,,,
GCD-4455,Rajdeep Dutta,2024-11-20,2024-11-20,,,
GCD-3173,Rajdeep Dutta,2024-11-21,2024-11-21,,,
OX16102413114002051,Etrisno,2024-11-21,,2024-11-21,,
GCD-20686,Rajdeep Dutta,2024-11-21,2024-11-21,,,
GCD-12695,Rajdeep Dutta,2024-11-21,2024-11-21,,,
GCD-20693,Rajdeep Dutta,2024-11-22,2024-11-22,,,
GCD-20252,Etrisno,2024-07-18,2025-01-07,2024-07-18,,
GCD-20707,Rajdeep Dutta,2024-11-23,2024-11-23,,,
GCD-20336,Etrisno,2024-11-25,2025-01-11,2024-11-25,,
GCD-3247,Rajdeep Dutta,2024-11-26,2024-11-26,,,
GCD-20703,Rajdeep Dutta,2024-11-26,2024-11-26,,,
GCD-20716,Rajdeep Dutta,2024-11-26,2024-11-26,,,
GCD-4154,Etrisno,2024-11-26,2025-02-06,2024-11-26,,
GCD-8576,Rajdeep Dutta,2024-11-26,2024-11-26,,,2026-02-02
GCD-20631,Rajdeep Dutta,2024-11-26,2025-01-09,2024-11-26,,
GCD-20641,Etrisno,2024-11-28,2024-11-28,,,
GCD-20698,Rajdeep Dutta,2024-11-28,2024-11-28,,,
GCD-20733,Rajdeep Dutta,2024-11-29,2024-11-29,,,
GCD-3202,Rajdeep Dutta,2024-11-29,2024-11-29,,,2025-12-12
GCD-1572,Rajdeep Dutta,2024-11-29,2024-11-29,,,
GCD-20723,Rajdeep Dutta,2024-12-02,2024-12-02,,,
GCD-20704,Rajdeep Dutta,2024-12-02,2024-12-02,,,
GCD-20721,Rajdeep Dutta,2024-12-02,2024-12-02,,,
GCD-19155,Rajdeep Dutta,2024-12-02,2024-12-02,,,2026-02-11
GCD-11458,Etrisno,2024-12-02,2024-12-02,,,
GCD-20732,Rajdeep Dutta,2024-12-03,2024-12-03,,,
GCD-3615,Rajdeep Dutta,2024-12-03,2024-12-03,,,
GCD-20735,Rajdeep Dutta,2024-12-03,2024-12-03,,,
GCD-16238,Rajdeep Dutta,2024-12-03,2024-12-03,,,
OX07112413112202178,Rajdeep Dutta,2024-12-04,2024-12-04,,,
GCD-20738,Rajdeep Dutta,2024-12-04,2024-12-04,,,
GCD-20728,Rajdeep Dutta,2024-12-04,2024-12-04,,,
GCD-20734,Rajdeep Dutta,2024-12-04,2024-12-04,,,
GCD-20740,Rajdeep Dutta,2024-12-04,2024-12-04,,,2026-01-30
GCD-20689,Etrisno,2024-12-04,2024-12-04,,,
GCD-12045,Rajdeep Dutta,2024-12-04,2024-12-04,,,
GCD-20709,Etrisno,2024-12-04,2024-12-04,,,
GCD-3456,Rajdeep Dutta,2024-12-04,2024-12-04,,,
GCD-6740,Rajdeep Dutta,2024-12-04,2024-12-04,,,
GCD-20655,Etrisno,2024-12-05,2024-12-05,,,
GCD-20749,Etrisno,2024-12-05,2024-12-05,,,
GCD-3017,Rajdeep Dutta,2024-12-05,2024-12-05,,,
GCD-20751,Rajdeep Dutta,2024-12-05,2024-12-05,,,
GCD-20747,Rajdeep Dutta,2024-12-05,2024-12-05,,,
GCD-20731,Rajdeep Dutta,2024-12-05,2024-12-05,,,
GCD-20729,Rajdeep Dutta,2024-12-05,2024-12-05,,,
GCD-20742,Rajdeep Dutta,2024-12-05,2024-12-05,,,
GCD-4470,Rajdeep Dutta,2024-12-05,2024-12-05,,,
GCD-20746,Rajdeep Dutta,2024-12-05,2024-12-05,,,
GCD-20210,Etrisno,2024-12-05,2024-12-05,,,
GCD-20701,Rajdeep Dutta,2024-12-05,2024-12-05,,,2026-02-12
OX08112413311902188,Rajdeep Dutta,2024-12-05,2024-12-05,,,
GCD-5070,Rajdeep Dutta,2024-12-06,2024-12-06,,,
GCD-20659,Etrisno,2024-12-06,2025-01-14,2024-12-06,,
GCD-6255,Rajdeep Dutta,2024-12-06,2024-12-06,,,
GCD-2942,Rajdeep Dutta,2024-12-06,2024-12-06,,,
GCD-20754,Rajdeep Dutta,2024-12-06,2024-12-06,,,
GCD-4253,Rajdeep Dutta,2024-12-06,2024-12-06,,,
GCD-20755,Etrisno,2024-12-06,2024-12-06,,,
GCD-20756,Etrisno,2024-12-06,2024-12-06,,,
GCD-20583,Etrisno,2024-12-06,2024-12-06,,,
GCD-9569,Rajdeep Dutta,2024-12-06,2024-12-06,,,
GCD-20712,Rajdeep Dutta,2024-12-06,2024-12-06,,,
GCD-7896,Etrisno,2024-12-07,2024-12-07,,,
GCD-2787,Rajdeep Dutta,2024-12-07,2024-12-07,,,
GCD-7294,Rajdeep Dutta,2024-12-08,2024-12-08,,,
GCD-5271,Rajdeep Dutta,2024-12-08,2024-12-08,,,
GCD-20750,Rajdeep Dutta,2024-12-09,2024-12-09,,,
GCD-20766,Rajdeep Dutta,2024-12-09,2024-12-09,,,
GCD-20730,Rajdeep Dutta,2024-12-09,2024-12-09,,,
GCD-19830,Rajdeep Dutta,2024-12-09,2024-12-09,,,2026-01-27
GCD-20702,Rajdeep Dutta,2024-12-09,2024-12-09,,,
GCD-20780,Rajdeep Dutta,2024-12-09,2024-12-09,,,
GCD-20769,Etrisno,2024-12-10,2024-12-10,,,
GCD-20768,Etrisno,2024-12-10,2024-12-10,,,
GCD-20757,Rajdeep Dutta,2024-12-10,2024-12-10,,,
GCD-20717,Rajdeep Dutta,2024-12-10,2024-12-10,,,
GCD-20772,Rajdeep Dutta,2024-12-10,2024-12-10,,,
GCD-20767,Rajdeep Dutta,2024-12-10,2024-12-10,,,2026-02-02
GCD-20777,Rajdeep Dutta,2024-12-10,2024-12-10,,2026-04-10,2026-01-31
GCD-12985,Rajdeep Dutta,2024-12-11,2024-12-11,,,
GCD-20786,Rajdeep Dutta,2024-12-11,2024-12-11,,,
GCD-25046,Rajdeep Dutta,2024-12-11,2024-12-11,,,
GCD-20776,Rajdeep Dutta,2024-12-11,2024-12-11,,,
GCD-4270,Rajdeep Dutta,2024-12-11,2024-12-11,,,
GCD-1811,Rajdeep Dutta,2024-12-11,2024-12-11,,,
GCD-20793,Rajdeep Dutta,2024-12-12,2024-12-12,,,
GCD-3352,Rajdeep Dutta,2024-12-12,2024-12-12,,,
GCD-20761,Rajdeep Dutta,2024-12-12,2024-12-12,,,
GCD-4428,Etrisno,2024-12-12,2024-12-12,,,
GCD-2853,Rajdeep Dutta,2024-12-12,2024-12-12,,,
GCD-2744,Rajdeep Dutta,2024-12-12,2024-12-12,,,
GCD-2671,Rajdeep Dutta,2024-12-12,2024-12-12,,,
GCD-2239,Rajdeep Dutta,2024-12-13,2025-01-13,2024-12-13,2025-03-26,
GCD-20773,Rajdeep Dutta,2024-12-13,2024-12-13,,,
GCD-4465,Etrisno,2024-12-13,2024-12-13,,,
GCD-20790,Rajdeep Dutta,2024-12-13,2024-12-13,,2026-02-23,2026-01-21
GCD-20798,Rajdeep Dutta,2024-12-14,2024-12-14,,,
GCD-20799,Rajdeep Dutta,2024-12-14,2024-12-14,,,2026-01-26
GCD-20779,Rajdeep Dutta,2024-12-16,2024-12-16,,,
GCD-2469,Rajdeep Dutta,2024-12-16,2024-12-16,,,
GCD-6917,Rajdeep Dutta,2024-12-17,2024-12-17,,,
GCD-20811,Rajdeep Dutta,2024-12-17,2024-12-17,,,
GCD-9343,Etrisno,2024-12-17,2024-12-17,,,
GCD-20804,Rajdeep Dutta,2024-12-17,2024-12-17,,,
GCD-20795,Etrisno,2024-12-17,2024-12-17,,,
GCD-20630,Rajdeep Dutta,2024-12-17,2024-12-17,,,
GCD-8811,Etrisno,2024-12-18,2024-12-18,,,
GCD-13039,Etrisno,2024-12-18,2024-12-18,,,
GCD-2443,Etrisno,2024-12-18,2024-12-18,,,
GCD-21003,Rajdeep Dutta,2024-12-18,2024-12-18,,,
OX26112415082702448,Rajdeep Dutta,2024-12-18,2024-12-18,,,
GCD-20802,Rajdeep Dutta,2024-12-18,2024-12-18,,,2026-01-23
GCD-10017,Etrisno,2024-12-19,2024-12-19,,,
GCD-20822,Rajdeep Dutta,2024-12-19,2024-12-19,,,
GCD-2834,Rajdeep Dutta,2024-12-19,2024-12-19,,,
GCD-20817,Rajdeep Dutta,2024-12-20,2024-12-20,,,
GCD-16707,Rajdeep Dutta,2024-12-20,2024-12-20,,,
GCD-13737,Rajdeep Dutta,2024-12-20,2024-12-20,,,
GCD-20825,Rajdeep Dutta,2024-12-20,2024-12-20,,,
OX29112420281602464,Rajdeep Dutta,2024-12-20,2024-12-20,,,
GCD-8874,Rajdeep Dutta,2024-12-20,2024-12-20,,,2026-01-26
GCD-20832,Rajdeep Dutta,2024-12-23,2024-12-23,,,
GCD-20837,Rajdeep Dutta,2024-12-23,2024-12-23,,,
GCD-4499,Rajdeep Dutta,2024-12-23,2024-12-23,,,
GCD-5079,Rajdeep Dutta,2024-12-23,2024-12-23,,,
GCD-20833,Rajdeep Dutta,2024-12-23,2024-12-23,,,
GCD-215,Etrisno,2024-12-23,2024-12-23,,,
GCD-6500,Rajdeep Dutta,2024-12-23,2024-12-23,,,
GCD-20830,Rajdeep Dutta,2024-12-23,2024-12-23,,,
GCD-20831,Rajdeep Dutta,2024-12-24,2024-12-24,,,
GCD-2392,Rajdeep Dutta,2024-12-27,2024-12-27,,,
GCD-20855,Rajdeep Dutta,2024-12-27,2024-12-27,,,
GCD-20852,Rajdeep Dutta,2024-12-27,2024-12-27,,,
GCD-20978,Rajdeep Dutta,2024-12-27,2024-12-27,,,
GCD-6356,Rajdeep Dutta,2024-12-27,2024-12-27,,,
GCD-20864,Rajdeep Dutta,2024-12-27,2024-12-27,,,
GCD-20845,Rajdeep Dutta,2024-12-27,2024-12-27,,,
GCD-10189,Rajdeep Dutta,2024-12-27,2024-12-27,,,2026-02-23
GCD-20851,Rajdeep Dutta,2024-12-28,2024-12-28,,,
GCD-17255,Rajdeep Dutta,2024-12-28,2024-12-28,,,2026-01-21
GCD-20850,Rajdeep Dutta,2024-12-29,2024-12-29,,,
GCD-20820,Rajdeep Dutta,2024-12-30,2024-12-30,,,
GCD-20741,Rajdeep Dutta,2024-12-30,2024-12-30,,,
GCD-20884,Rajdeep Dutta,2024-12-30,2024-12-30,,,
GCD-20847,Rajdeep Dutta,2024-12-30,2024-12-30,,,
GCD-20856,Rajdeep Dutta,2024-12-30,2024-12-30,,,
GCD-20844,Rajdeep Dutta,2024-12-31,2024-12-31,,,
GCD-7541,Rajdeep Dutta,2024-12-31,2024-12-31,,,
GCD-20828,Rajdeep Dutta,2024-12-31,2024-12-31,,,
GCD-10070,Rajdeep Dutta,2024-12-31,2024-12-31,,,
GCD-20181,Etrisno,2025-01-02,2025-01-02,,,
GCD-20872,Rajdeep Dutta,2025-01-02,2025-01-02,,,2026-01-31
GCD-20859,Rajdeep Dutta,2025-01-02,2025-01-02,,,2026-01-29
GCD-20843,Etrisno,2025-01-02,2025-01-02,,,
GCD-20861,Rajdeep Dutta,2025-01-03,2025-01-03,,,
GCD-20842,Etrisno,2025-01-03,2025-01-03,,,
GCD-2470,Etrisno,2025-01-06,2025-01-06,,,
GCD-14367,Rajdeep Dutta,2025-01-06,2025-01-06,,,
GCD-8499,Rajdeep Dutta,2025-01-06,2025-01-06,,,
GCD-20800,Rajdeep Dutta,2025-01-06,2025-01-06,,,
GCD-20763,Etrisno,2025-01-06,2025-01-06,,,
GCD-20579,Etrisno,2025-01-07,2025-01-07,,,
GCD-20835,Rajdeep Dutta,2025-01-07,2025-01-07,,,
GCD-20876,Rajdeep Dutta,2025-01-07,2025-01-07,,,
GCD-20853,Rajdeep Dutta,2025-01-07,2025-01-07,,,
GCD-20696,Etrisno,2025-01-07,2025-01-07,,,
GCD-20878,Rajdeep Dutta,2025-01-08,2025-01-08,,,
GCD-6421,Rajdeep Dutta,2025-01-08,2025-01-08,,,
GCD-20788,Rajdeep Dutta,2025-01-08,2025-01-08,,,
OX12122422585602624,Rajdeep Dutta,2025-01-08,2025-01-08,,,
GCD-20880,Rajdeep Dutta,2025-01-08,2025-01-08,,,
GCD-20866,Rajdeep Dutta,2025-01-08,2025-01-08,,,
GCD-20834,Rajdeep Dutta,2025-01-08,2025-01-08,,,
GCD-20841,Rajdeep Dutta,2025-01-08,2025-01-08,,,
GCD-20848,Rajdeep Dutta,2025-01-08,2025-01-08,,,
GCD-20882,Rajdeep Dutta,2025-01-08,2025-01-08,,,
GCD-17774,Rajdeep Dutta,2025-01-09,2025-01-09,,,
GCD-20931,Rajdeep Dutta,2025-01-09,2025-01-09,,,
GCD-7841,Rajdeep Dutta,2025-01-09,2025-01-09,,,
GCD-10158,Rajdeep Dutta,2025-01-09,2025-01-09,,,
GCD-20873,Rajdeep Dutta,2025-01-09,2025-01-09,,,
GCD-20857,Rajdeep Dutta,2025-01-09,2025-01-09,,,
GCD-20892,Rajdeep Dutta,2025-01-09,2025-01-09,,,2026-02-01
GCD-20869,Rajdeep Dutta,2025-01-09,2025-01-09,,,
GCD-20891,Rajdeep Dutta,2025-01-09,2025-01-09,,,
GCD-20791,Rajdeep Dutta,2025-01-10,2025-01-10,,,
GCD-3086,Rajdeep Dutta,2025-01-10,2025-01-10,,,2025-12-18
GCD-20690,Rajdeep Dutta,2025-01-10,2025-01-10,,,
GCD-20840,Rajdeep Dutta,2025-01-10,2025-01-10,,,
GCD-20899,Rajdeep Dutta,2025-01-10,2025-01-10,,,2026-01-06
GCD-20901,Rajdeep Dutta,2025-01-10,2025-01-10,,,2026-01-06
OX11122411525102591,Rajdeep Dutta,2025-01-11,2025-01-11,,,
GCD-6489,Rajdeep Dutta,2025-01-11,2025-01-11,,,
GCD-20903,Etrisno,2025-01-13,2025-01-13,,,
GCD-20874,Rajdeep Dutta,2025-01-13,2025-01-13,,,
GCD-20906,Rajdeep Dutta,2025-01-13,2025-01-13,,,
GCD-20881,Rajdeep Dutta,2025-01-13,2025-01-13,,,2026-01-22
GCD-20887,Rajdeep Dutta,2025-01-13,2025-01-13,,,
GCD-8624,Etrisno,2025-01-13,2025-01-13,,,
GCD-20849,Rajdeep Dutta,2025-01-14,2025-01-14,,,2026-01-15
GCD-20823,Rajdeep Dutta,2025-01-14,2025-01-14,,,2026-01-22
GCD-20862,Rajdeep Dutta,2025-01-14,2025-01-14,,,
GCD-20908,Etrisno,2025-01-14,2025-01-14,,,
GCD-20977,Rajdeep Dutta,2025-01-14,2025-01-14,,,
GCD-12943,Rajdeep Dutta,2025-01-15,2025-01-15,,,
GCD-20909,Etrisno,2025-01-15,2025-01-15,,,
GCD-20821,Rajdeep Dutta,2025-01-15,2025-01-15,,,2026-01-23
GCD-20917,Rajdeep Dutta,2025-01-15,2025-01-15,,,
GCD-20919,Rajdeep Dutta,2025-01-15,2025-01-15,,,2026-01-30
GCD-20920,Rajdeep Dutta,2025-01-15,2025-01-15,,,
GCD-20910,Etrisno,2025-01-15,2025-01-15,,,
GCD-21041,Rajdeep Dutta,2025-01-16,2025-01-16,,,
GCD-20923,Rajdeep Dutta,2025-01-16,2025-01-16,,,
GCD-20147,Rajdeep Dutta,2025-01-16,2025-01-16,,,
GCD-20865,Rajdeep Dutta,2025-01-16,2025-01-16,,,
GCD-7774,Rajdeep Dutta,2025-01-16,2025-01-16,,,2026-02-16
GCD-20911,Etrisno,2025-01-16,2025-01-16,,,
GCD-2356,Etrisno,2025-01-17,2025-01-17,,,
GCD-20953,Rajdeep Dutta,2025-01-17,2025-01-17,,,
GCD-1019,Rajdeep Dutta,2025-01-17,2025-01-17,,,
GCD-20937,Rajdeep Dutta,2025-01-17,2025-01-17,,,
GCD-6589,Rajdeep Dutta,2025-01-18,2025-01-18,,,
GCD-20907,Rajdeep Dutta,2025-01-18,2025-01-18,,,
GCD-20936,Rajdeep Dutta,2025-01-20,2025-01-20,,,
GCD-20893,Rajdeep Dutta,2025-01-20,2025-01-20,,,
GCD-20940,Rajdeep Dutta,2025-01-20,2025-01-20,,,
GCD-20895,Rajdeep Dutta,2025-01-21,2025-01-21,,,2026-01-31
GCD-5375,Rajdeep Dutta,2025-01-21,2025-01-21,,,
GCD-4882,Rajdeep Dutta,2025-01-21,2025-01-21,,,2026-02-24
GCD-5231,Rajdeep Dutta,2025-01-21,2025-01-21,,,
GCD-20743,Etrisno,2025-01-21,2025-01-21,,,
GCD-20947,Rajdeep Dutta,2025-01-21,2025-01-21,,,2026-02-02
GCD-21011,Rajdeep Dutta,2025-01-21,2025-01-21,,,
GCD-20925,Rajdeep Dutta,2025-01-22,2025-01-22,,,
GCD-15012,Rajdeep Dutta,2025-01-22,2025-01-22,,,2025-12-16
GCD-21004,Rajdeep Dutta,2025-01-22,2025-01-22,,,2026-01-29
GCD-20955,Rajdeep Dutta,2025-01-22,2025-01-22,,,
GCD-10528,Rajdeep Dutta,2025-01-22,2025-01-22,,,
GCD-4264,Rajdeep Dutta,2025-01-22,2025-01-22,,,2026-01-26
GCD-18426,Rajdeep Dutta,2025-01-22,2025-01-22,,,
GCD-20933,Rajdeep Dutta,2025-01-22,2025-01-22,,,2026-01-28
GCD-20932,Rajdeep Dutta,2025-01-22,2025-01-22,,,
GCD-20952,Rajdeep Dutta,2025-01-22,2025-01-22,,,
GCD-12595,Rajdeep Dutta,2025-01-23,2025-01-23,,,
OX27122407440302763,Rajdeep Dutta,2025-01-23,2025-01-23,,,
GCD-20956,Rajdeep Dutta,2025-01-23,2025-01-23,,,
GCD-20954,Rajdeep Dutta,2025-01-24,2025-01-24,,,2026-01-24
GCD-20942,Rajdeep Dutta,2025-01-24,2025-01-24,,,
GCD-20951,Rajdeep Dutta,2025-01-24,2025-01-24,,,2026-02-04
GCD-20943,Rajdeep Dutta,2025-01-24,2025-01-24,,,
GCD-20959,Rajdeep Dutta,2025-01-25,2025-01-25,,,
GCD-20498,Rajdeep Dutta,2025-01-25,2025-01-25,,,
GCD-20961,Rajdeep Dutta,2025-01-25,2025-01-25,,,
GCD-20958,Rajdeep Dutta,2025-01-25,2025-01-25,,,
GCD-20706,Etrisno,2025-01-25,2025-01-25,,,
GCD-20970,Rajdeep Dutta,2025-01-26,2025-01-26,,,
GCD-20963,Rajdeep Dutta,2025-01-30,2025-01-30,,,
GCD-20960,Rajdeep Dutta,2025-01-30,2025-01-30,,,2026-01-20
GCD-20964,Rajdeep Dutta,2025-01-30,2025-01-30,,,
GCD-20957,Rajdeep Dutta,2025-01-30,2025-01-30,,,
GCD-20985,Rajdeep Dutta,2025-01-30,2025-01-30,,,
GCD-20969,Etrisno,2025-01-31,2025-01-31,,,
GCD-4663,Rajdeep Dutta,2025-01-31,2025-01-31,,,2026-01-28
GCD-19999,Bursa OTO,2025-01-31,2025-01-31,,,
GCD-3208,Rajdeep Dutta,2025-01-31,2025-01-31,,,
GCD-15393,Rajdeep Dutta,2025-02-03,2025-02-03,,,2026-04-02
GCD-20918,Rajdeep Dutta,2025-02-03,2025-02-03,,,
GCD-20962,Rajdeep Dutta,2025-02-03,2025-02-03,,,2026-01-28
GCD-20980,Rajdeep Dutta,2025-02-03,2025-02-03,,,2025-12-16
GCD-20916,Rajdeep Dutta,2025-02-03,2025-02-03,,,
GCD-20966,Rajdeep Dutta,2025-02-03,2025-02-03,,,
GCD-20967,Rajdeep Dutta,2025-02-03,2025-02-03,,,
GCD-20974,Rajdeep Dutta,2025-02-03,2025-02-03,,,2026-04-08
GCD-20975,Rajdeep Dutta,2025-02-03,2025-02-03,,,2026-02-21
GCD-20930,Rajdeep Dutta,2025-02-03,2025-02-03,,,2026-01-27
GCD-21054,Rajdeep Dutta,2025-02-04,2025-02-04,,,
GCD-8682,Rajdeep Dutta,2025-02-04,2025-02-04,,,
GCD-20877,Rajdeep Dutta,2025-02-04,2025-02-04,,,2025-12-17
GCD-20987,Rajdeep Dutta,2025-02-04,2025-02-04,,2025-05-22,
GCD-20984,Rajdeep Dutta,2025-02-05,2025-02-05,,,
GCD-20986,Rajdeep Dutta,2025-02-05,2025-02-05,,,
GCD-15046,Rajdeep Dutta,2025-02-05,2025-02-05,,,
GCD-20989,Rajdeep Dutta,2025-02-06,2025-02-06,,,2026-01-26
GCD-20991,Rajdeep Dutta,2025-02-06,2025-02-06,,,
GCD-20510,Etrisno,2025-02-06,2025-02-06,,,
GCD-20992,Rajdeep Dutta,2025-02-06,2025-02-06,,,2026-01-23
GCD-20898,Etrisno,2025-02-06,2025-02-06,,,
GCD-20988,Rajdeep Dutta,2025-02-06,2025-02-06,,,2026-02-05
GCD-20946,Rajdeep Dutta,2025-02-07,2025-02-07,,,2026-04-27
GCD-21038,Rajdeep Dutta,2025-02-07,2025-02-07,,,
GCD-21023,Rajdeep Dutta,2025-02-07,2025-02-07,,,
GCD-20783,Bursa OTO,2025-02-07,2025-02-07,,,
GCD-20994,Rajdeep Dutta,2025-02-07,2025-02-07,,,2026-01-24
GCD-20385,Bursa OTO,2025-02-07,2025-02-07,,,
GCD-21002,Rajdeep Dutta,2025-02-07,2025-02-07,,,2026-02-16
GCD-20995,Rajdeep Dutta,2025-02-08,2025-02-08,,,
GCD-20997,Rajdeep Dutta,2025-02-08,2025-02-08,,,2026-01-26
GCD-20999,Rajdeep Dutta,2025-02-10,2025-02-10,,,2026-02-11
GCD-21000,Rajdeep Dutta,2025-02-10,2025-02-10,,,
GCD-19717,Etrisno,2025-02-10,2025-02-10,,,
GCD-21015,Rajdeep Dutta,2025-02-10,2025-02-10,,,
GCD-20680,Bursa OTO,2025-02-10,2025-02-10,,,
GCD-18734,Rajdeep Dutta,2025-02-11,2025-02-11,,,
GCD-21008,Rajdeep Dutta,2025-02-11,2025-02-11,,,
GCD-20996,Rajdeep Dutta,2025-02-11,2025-02-11,,,
GCD-14969,Rajdeep Dutta,2025-02-11,2025-02-11,,,
GCD-20516,Rajdeep Dutta,2025-02-12,2025-02-12,,,
GCD-21073,Rajdeep Dutta,2025-02-12,2025-02-12,,,
GCD-20993,Rajdeep Dutta,2025-02-12,2025-02-12,,,
GCD-7256,Rajdeep Dutta,2025-02-12,2025-02-12,,,2026-01-31
GCD-21016,Rajdeep Dutta,2025-02-12,2025-02-12,,,2026-01-29
GCD-21044,Rajdeep Dutta,2025-02-13,2025-02-13,,,
GCD-21019,Rajdeep Dutta,2025-02-13,2025-02-13,,,
OX16112420311802331,Rajdeep Dutta,2025-02-13,2025-02-13,,,
GCD-21039,Rajdeep Dutta,2025-02-13,2025-02-13,,,
GCD-20803,Rajdeep Dutta,2025-02-13,2025-02-13,,,2026-02-03
GCD-20929,Rajdeep Dutta,2025-02-13,2025-02-13,,,
GCD-21024,Etrisno,2025-02-13,2025-02-13,,,
GCD-21037,Rajdeep Dutta,2025-02-14,2025-02-14,,,2026-01-20
GCD-21034,Rajdeep Dutta,2025-02-14,2025-02-14,,,
GCD-11246,Etrisno,2025-02-14,2025-02-14,,,
GCD-21035,Rajdeep Dutta,2025-02-14,2025-02-14,,,
GCD-20981,Rajdeep Dutta,2025-02-15,2025-02-15,,,
GCD-3396,Rajdeep Dutta,2025-02-17,2025-02-17,,,
GCD-21046,Rajdeep Dutta,2025-02-17,2025-02-17,,,
GCD-8949,Rajdeep Dutta,2025-02-17,2025-02-17,,,
GCD-21032,Rajdeep Dutta,2025-02-17,2025-02-17,,,
GCD-21056,Rajdeep Dutta,2025-02-17,2025-02-17,,,2026-04-14
GCD-20711,Bursa OTO,2025-02-17,2025-02-17,,,2025-12-08
GCD-21050,Rajdeep Dutta,2025-02-17,2025-02-17,,,
GCD-21047,Rajdeep Dutta,2025-02-17,2025-02-17,,,2026-01-22
GCD-20867,Rajdeep Dutta,2025-02-17,2025-02-17,,,
GCD-16237,Rajdeep Dutta,2025-02-18,2025-02-18,,,
GCD-21055,Rajdeep Dutta,2025-02-18,2025-02-18,,,
GCD-21049,Rajdeep Dutta,2025-02-18,2025-02-18,,,2026-01-23
GCD-21030,Rajdeep Dutta,2025-02-18,2025-02-18,,,2026-01-26
GCD-21042,Rajdeep Dutta,2025-02-18,2025-02-18,,,
GCD-21059,Rajdeep Dutta,2025-02-18,2025-02-18,,,2026-01-31
GCD-12871,Rajdeep Dutta,2025-02-18,2025-02-18,,,
GCD-8677,Rajdeep Dutta,2025-02-18,2025-02-18,,,
GCD-21045,Rajdeep Dutta,2025-02-19,2025-02-19,,,2026-01-22
GCD-21061,Etrisno,2025-02-19,2025-02-19,,,
GCD-21064,Rajdeep Dutta,2025-02-19,2025-02-19,,,
GCD-21029,Rajdeep Dutta,2025-02-19,2025-02-19,,,
GCD-8966,Rajdeep Dutta,2025-02-19,2025-02-19,,,2026-01-28
GCD-21013,Rajdeep Dutta,2025-02-19,2025-02-19,,,
GCD-21067,Rajdeep Dutta,2025-02-19,2025-02-19,,,2026-01-30
GCD-21065,Rajdeep Dutta,2025-02-19,2025-02-19,,,
GCD-21069,Rajdeep Dutta,2025-02-19,2025-02-19,,,
GCD-6577,Rajdeep Dutta,2025-02-20,2025-02-20,,,
GCD-21072,Rajdeep Dutta,2025-02-20,2025-02-20,,,2026-03-04
GCD-21120,Rajdeep Dutta,2025-02-20,2025-02-20,,,
GCD-21010,Etrisno,2025-02-21,2025-02-21,,,
GCD-21077,Rajdeep Dutta,2025-02-21,2025-02-21,,,
GCD-21075,Rajdeep Dutta,2025-02-24,2025-02-24,,,
GCD-21058,Rajdeep Dutta,2025-02-24,2025-02-24,,2025-05-22,2026-01-22
GCD-21095,Rajdeep Dutta,2025-02-24,2025-02-24,,,2026-02-16
GCD-21060,Rajdeep Dutta,2025-02-24,2025-02-24,,,
GCD-21083,Rajdeep Dutta,2025-02-24,2025-02-24,,,
GCD-21040,Rajdeep Dutta,2025-02-24,2025-02-24,,,
GCD-8963,Rajdeep Dutta,2025-02-25,2025-02-25,,,
GCD-21085,Rajdeep Dutta,2025-02-25,2025-02-25,,,
GCD-6027,Rajdeep Dutta,2025-02-25,2025-02-25,,,
GCD-19890,Bursa OTO,2025-02-25,2025-02-25,,,2025-12-05
GCD-21051,Rajdeep Dutta,2025-02-25,2025-02-25,,,
GCD-21111,Rajdeep Dutta,2025-02-25,2025-02-25,,,
GCD-21036,Rajdeep Dutta,2025-02-25,2025-02-25,,,
GCD-21086,Rajdeep Dutta,2025-02-26,2025-02-26,,,2026-01-29
GCD-21082,Rajdeep Dutta,2025-02-26,2025-02-26,,,
GCD-21093,Rajdeep Dutta,2025-02-26,2025-02-26,,,
GCD-21079,Rajdeep Dutta,2025-02-26,2025-02-26,,,2026-01-21
GCD-21070,Rajdeep Dutta,2025-02-26,2025-02-26,,,
GCD-21129,Rajdeep Dutta,2025-02-26,2025-02-26,,,2026-01-29
GCD-13507,Rajdeep Dutta,2025-02-26,2025-02-26,,,2026-01-22
GCD-21084,Rajdeep Dutta,2025-02-26,2025-02-26,,,
GCD-25015,Rajdeep Dutta,2025-02-26,2025-02-26,,,2026-01-23
GCD-20839,Bursa OTO,2025-02-26,2025-02-26,,,2025-12-08
GCD-21152,Rajdeep Dutta,2025-02-27,2025-02-27,,,
GCD-20596,Rajdeep Dutta,2025-02-27,2025-02-27,,,
GCD-25014,Rajdeep Dutta,2025-02-27,2025-02-27,,,2026-01-31
GCD-21100,Rajdeep Dutta,2025-02-27,2025-02-27,,2025-08-05,2026-01-22
GCD-21097,Rajdeep Dutta,2025-02-27,2025-02-27,,2025-10-14,2026-01-27
GCD-21109,Rajdeep Dutta,2025-02-28,2025-02-28,,,
GCD-12042,Rajdeep Dutta,2025-02-28,2025-02-28,,2025-05-06,
GCD-25013,Rajdeep Dutta,2025-02-28,2025-02-28,,,
GCD-21102,Rajdeep Dutta,2025-02-28,2025-02-28,,,
GCD-20905,Rajdeep Dutta,2025-03-02,2025-03-02,,,
GCD-21103,Rajdeep Dutta,2025-03-03,2025-03-03,,,
GCD-21031,Bursa OTO,2025-03-03,2025-03-03,,2025-05-06,2025-12-08
GCD-21107,Rajdeep Dutta,2025-03-03,2025-03-03,,,
GCD-21110,Rajdeep Dutta,2025-03-03,2025-03-03,,,
GCD-7178,Rajdeep Dutta,2025-03-03,2025-03-03,,,
GCD-21021,Rajdeep Dutta,2025-03-03,2025-03-03,,,
GCD-21108,Rajdeep Dutta,2025-03-03,2025-03-03,,,
GCD-21114,Rajdeep Dutta,2025-03-04,2025-03-04,,,
GCD-21113,Rajdeep Dutta,2025-03-04,2025-03-04,,,
GCD-21112,Rajdeep Dutta,2025-03-04,2025-03-04,,,
OX04122422402402507,Rajdeep Dutta,2025-03-04,2025-03-04,,,
GCD-21057,Etrisno,2025-03-04,2025-03-04,,,
GCD-21118,Rajdeep Dutta,2025-03-04,2025-03-04,,,2026-01-31
GCD-16380,Rajdeep Dutta,2025-03-04,2025-03-04,,,
GCD-17984,Rajdeep Dutta,2025-03-04,2025-03-04,,,
OX12122409290002607,Rajdeep Dutta,2025-03-05,2025-03-05,,,
GCD-12302,Rajdeep Dutta,2025-03-05,2025-03-05,,,
OX18022522361203200,Rajdeep Dutta,2025-03-05,2025-03-05,,,
GCD-21146,Rajdeep Dutta,2025-03-05,2025-03-05,,,
GCD-433,Rajdeep Dutta,2025-03-05,2025-03-05,,,
GCD-20976,Etrisno,2025-03-05,2025-03-05,,,
GCD-21123,Rajdeep Dutta,2025-03-05,2025-03-05,,,
GCD-14810,Rajdeep Dutta,2025-03-05,2025-03-05,,,
GCD-7696,Rajdeep Dutta,2025-03-05,2025-03-05,,,
GCD-20126,Rajdeep Dutta,2025-03-06,2025-03-06,,,
GCD-17090,Rajdeep Dutta,2025-03-06,2025-03-06,,,2026-01-22
GCD-21124,Rajdeep Dutta,2025-03-06,2025-03-06,,,
OX09122417261002560,Rajdeep Dutta,2025-03-06,2025-03-06,,,
GCD-21131,Rajdeep Dutta,2025-03-06,2025-03-06,,,2026-01-31
GCD-21138,Rajdeep Dutta,2025-03-06,2025-03-06,,,2026-01-21
GCD-7829,Rajdeep Dutta,2025-03-06,2025-03-06,,,
OX21022510252603225,Rajdeep Dutta,2025-03-06,2025-03-06,,,
GCD-21130,Etrisno,2025-03-06,2025-03-06,,,
GCD-21136,Etrisno,2025-03-06,2025-03-06,,,
GCD-21140,Rajdeep Dutta,2025-03-07,2025-03-07,,,2026-01-27
GCD-21091,Rajdeep Dutta,2025-03-07,2025-03-07,,,
OX07122411300402533,Rajdeep Dutta,2025-03-07,2025-03-07,,,
GCD-17363,Etrisno,2025-03-07,2025-03-07,,,
GCD-21119,Rajdeep Dutta,2025-03-07,2025-03-07,,,2025-12-17
OX27022514422103283,Rajdeep Dutta,2025-03-07,2025-03-07,,,
GCD-21142,Rajdeep Dutta,2025-03-07,2025-03-07,,,2026-02-06
OX22022517325803241,Rajdeep Dutta,2025-03-07,2025-03-07,,,
GCD-21122,Rajdeep Dutta,2025-03-07,2025-03-07,,,2025-12-29
GCD-21143,Rajdeep Dutta,2025-03-07,2025-03-07,,,
GCD-21147,Etrisno,2025-03-08,2025-03-08,,,
GCD-21148,Etrisno,2025-03-08,2025-03-08,,,
GCD-21141,Rajdeep Dutta,2025-03-10,2025-03-10,,,
OX15022509563403161,Rajdeep Dutta,2025-03-10,2025-03-10,,,
GCD-25050,Rajdeep Dutta,2025-03-10,2025-03-10,,,
GCD-19271,Etrisno,2025-03-11,2025-03-11,,,
GCD-25004,Rajdeep Dutta,2025-03-11,2025-03-11,,,
GCD-25001,Rajdeep Dutta,2025-03-11,2025-03-11,,,2026-02-11
GCD-17198,Rajdeep Dutta,2025-03-11,2025-03-11,,,2026-01-31
GCD-21135,Rajdeep Dutta,2025-03-11,2025-03-11,,,
GCD-25010,Rajdeep Dutta,2025-03-11,2025-03-11,,,
GCD-5554,Rajdeep Dutta,2025-03-11,2025-03-11,,,
GCD-25002,Rajdeep Dutta,2025-03-11,2025-03-11,,,2026-02-11
GCD-12437,Rajdeep Dutta,2025-03-11,2025-03-11,,,
OX08012514022902836,Rajdeep Dutta,2025-03-12,2025-03-12,,,
OX24022521540303259,Rajdeep Dutta,2025-03-12,2025-03-12,,,
GCD-25005,Rajdeep Dutta,2025-03-12,2025-03-12,,,
GCD-21154,Rajdeep Dutta,2025-03-12,2025-03-12,,,
GCD-25006,Rajdeep Dutta,2025-03-12,2025-03-12,,,
GCD-21144,Rajdeep Dutta,2025-03-13,2025-03-13,,,2206-01-22
GCD-25028,Rajdeep Dutta,2025-03-13,2025-03-13,,,
GCD-25012,Rajdeep Dutta,2025-03-13,2025-03-13,,,
GCD-17052,Rajdeep Dutta,2025-03-13,2025-03-13,,,2026-01-26
GCD-12476,Rajdeep Dutta,2025-03-13,2025-03-13,,,
GCD-8803,Etrisno,2025-03-14,2025-03-14,,,
GCD-2409,Rajdeep Dutta,2025-03-14,2025-03-14,,,
GCD-25021,Rajdeep Dutta,2025-03-14,2025-03-14,,,
GCD-25025,Rajdeep Dutta,2025-03-15,2025-03-15,,,2026-02-01
GCD-25024,Rajdeep Dutta,2025-03-17,2025-03-17,,,2026-02-11
GCD-25022,Rajdeep Dutta,2025-03-15,2025-03-15,,,
GCD-25026,Rajdeep Dutta,2025-03-15,2025-03-15,,,
OX21022517480203233,Rajdeep Dutta,2025-03-15,2025-03-15,,,
GCD-6245,Rajdeep Dutta,2025-03-17,2025-03-17,,,
GCD-21101,Rajdeep Dutta,2025-03-17,2025-03-17,,,
GCD-25033,Rajdeep Dutta,2025-03-17,2025-03-17,,,
GCD-25009,Rajdeep Dutta,2025-03-17,2025-03-17,,,
GCD-5439,Rajdeep Dutta,2025-03-17,2025-03-17,,,2026-02-02
GCD-25178,Rajdeep Dutta,2025-03-17,2025-03-17,,,
GCD-25037,Rajdeep Dutta,2025-03-17,2025-03-17,,,
GCD-21150,Rajdeep Dutta,2025-03-18,2025-03-18,,,
GCD-25034,Rajdeep Dutta,2025-03-18,2025-03-18,,,
GCD-21128,Rajdeep Dutta,2025-03-18,2025-03-18,,,2026-01-19
GCD-25035,Rajdeep Dutta,2025-03-18,2025-03-18,,,2026-02-23
GCD-10329,Etrisno,2025-03-18,2025-03-18,,,
GCD-19272,Rajdeep Dutta,2025-03-18,2025-03-18,,,
GCD-25049,Rajdeep Dutta,2025-03-18,2025-03-18,,,
GCD-21104,Rajdeep Dutta,2025-03-18,2025-03-18,,,2026-01-23
GCD-20928,Rajdeep Dutta,2025-03-18,2025-03-18,,,2026-01-27
GCD-25017,Rajdeep Dutta,2025-03-19,2025-03-19,,,
GCD-4165,Rajdeep Dutta,2025-03-19,2025-03-19,,,
GCD-25016,Rajdeep Dutta,2025-03-19,2025-03-19,,,
GCD-25039,Rajdeep Dutta,2025-03-19,2025-03-19,,,
GCD-21151,Rajdeep Dutta,2025-03-19,2025-03-19,,,2026-02-02
GCD-25043,Rajdeep Dutta,2025-03-19,2025-03-19,,,2026-02-08
GCD-7546,Etrisno,2025-03-20,2025-03-20,,,
GCD-25044,Rajdeep Dutta,2025-03-20,2025-03-20,,,2026-01-28
GCD-21115,Etrisno,2025-03-20,2025-03-20,,,
GCD-21121,Rajdeep Dutta,2025-03-20,2025-03-20,,,2025-12-22
GCD-13232,Rajdeep Dutta,2025-03-20,2025-03-20,,,2026-01-29
GCD-25047,Rajdeep Dutta,2025-03-20,2025-03-20,,,
GCD-8249,Rajdeep Dutta,2025-03-21,2025-03-21,,,2026-01-28
GCD-25063,Rajdeep Dutta,2025-03-21,2025-03-21,,,
GCD-25053,Rajdeep Dutta,2025-03-22,2025-03-22,,,
GCD-3403,Rajdeep Dutta,2025-03-24,2025-03-24,,,
GCD-12798,Rajdeep Dutta,2025-03-25,2025-03-25,,,
GCD-25074,Rajdeep Dutta,2025-03-25,2025-03-25,,,2026-01-21
GCD-6674,Rajdeep Dutta,2025-03-25,2025-03-25,,,
GCD-25065,Rajdeep Dutta,2025-03-25,2025-03-25,,,
GCD-25048,Rajdeep Dutta,2025-03-26,2025-03-26,,,2026-02-09
GCD-25008,Rajdeep Dutta,2025-03-26,2025-03-26,,,
GCD-25088,Rajdeep Dutta,2025-03-26,2025-03-26,,,
GCD-13653,Rajdeep Dutta,2025-03-27,2025-03-27,,,2026-03-04
GCD-20467,Rajdeep Dutta,2025-03-27,2025-03-27,,,
GCD-25059,Rajdeep Dutta,2025-03-27,2025-03-27,,,
GCD-25064,Rajdeep Dutta,2025-03-28,2025-03-28,,,
GCD-25062,Rajdeep Dutta,2025-03-28,2025-03-28,,,
GCD-25056,Rajdeep Dutta,2025-03-28,2025-03-28,,,
GCD-20972,Etrisno,2025-03-28,2025-03-28,,,
GCD-25066,Rajdeep Dutta,2025-04-07,2025-04-07,,,2026-01-28
GCD-25092,Etrisno,2025-04-08,2025-04-08,,,
GCD-25067,Rajdeep Dutta,2025-04-08,2025-04-08,,2026-01-19,2026-01-22
GCD-25068,Rajdeep Dutta,2025-04-08,2025-04-08,,,
GCD-25069,Rajdeep Dutta,2025-04-08,2025-04-08,,,
GCD-9375,Rajdeep Dutta,2025-04-08,2025-04-08,,,
GCD-25071,Rajdeep Dutta,2025-04-09,2025-04-09,,,
OX17022515375103174,Rajdeep Dutta,2025-04-09,2025-04-09,,,
GCD-25114,Rajdeep Dutta,2025-04-09,2025-04-09,,,2026-02-12
GCD-25090,Rajdeep Dutta,2025-04-09,2025-04-09,,,
GCD-25077,Rajdeep Dutta,2025-04-10,2025-04-10,,,
GCD-25072,Rajdeep Dutta,2025-04-10,2025-04-10,,,
GCD-25079,Rajdeep Dutta,2025-04-10,2025-04-10,,,
GCD-21127,Rajdeep Dutta,2025-04-10,2025-04-10,,2026-02-23,2026-02-05
GCD-25098,Rajdeep Dutta,2025-04-10,2025-04-10,,,
GCD-25080,Rajdeep Dutta,2025-04-10,2025-04-10,,,2026-01-14
GCD-4306,Rajdeep Dutta,2025-04-10,2025-04-10,,,
GCD-25085,Rajdeep Dutta,2025-04-10,2025-04-10,,,
GCD-18618,Rajdeep Dutta,2025-04-11,2025-04-11,,,
GCD-25093,Rajdeep Dutta,2025-04-11,2025-04-11,,,
GCD-25150,Rajdeep Dutta,2025-04-11,2025-04-11,,,
GCD-5548,Rajdeep Dutta,2025-04-12,2025-04-12,,,
GCD-21133,Rajdeep Dutta,2025-04-12,2025-04-12,,,
GCD-25081,Rajdeep Dutta,2025-04-14,2025-04-14,,,
GCD-25087,Rajdeep Dutta,2025-04-14,2025-04-14,,,
OX14032513235703379,Rajdeep Dutta,2025-04-14,2025-04-14,,,
GCD-25104,Rajdeep Dutta,2025-04-15,2025-04-15,,,
GCD-25070,Rajdeep Dutta,2025-04-15,2025-04-15,,,
GCD-25143,Rajdeep Dutta,2025-04-15,2025-04-15,,,2026-02-18
GCD-13292,Rajdeep Dutta,2025-04-15,2025-04-15,,,
GCD-25084,Rajdeep Dutta,2025-04-16,2025-04-16,,,
GCD-25094,Rajdeep Dutta,2025-04-16,2025-04-16,,,
GCD-25095,Rajdeep Dutta,2025-04-16,2025-04-16,,,
GCD-25073,Rajdeep Dutta,2025-04-16,2025-04-16,,,
GCD-2867,Rajdeep Dutta,2025-04-16,2025-04-16,,,
GCD-3424,Rajdeep Dutta,2025-04-16,2025-04-16,,,2025-12-17
GCD-25097,Rajdeep Dutta,2025-04-16,2025-04-16,,,
GCD-25132,Rajdeep Dutta,2025-04-17,2025-04-17,,,
GCD-25083,Rajdeep Dutta,2025-04-17,2025-04-17,,,
GCD-25100,Rajdeep Dutta,2025-04-17,2025-04-17,,,
OX05022515244203086,Rajdeep Dutta,2025-04-17,2025-04-17,,,
GCD-25128,Rajdeep Dutta,2025-04-17,2025-04-17,,,
GCD-25101,Rajdeep Dutta,2025-04-21,2025-04-21,,,
GCD-25162,Rajdeep Dutta,2025-04-21,2025-04-21,,,2026-01-31
GCD-25055,Etrisno,2025-04-21,2025-04-21,,,
GCD-25110,Etrisno,2025-04-22,2025-04-22,,,
GCD-25119,Rajdeep Dutta,2025-04-22,2025-04-22,,,
GCD-25112,Rajdeep Dutta,2025-04-22,2025-04-22,,,
GCD-25054,Rajdeep Dutta,2025-04-23,2025-04-23,,,
GCD-20894,Rajdeep Dutta,2025-04-23,2025-04-23,,,
GCD-25118,Rajdeep Dutta,2025-04-23,2025-04-23,,,
OX15042519582103500,Rajdeep Dutta,2025-04-24,2025-04-24,,,
GCD-20725,Etrisno,2025-04-24,2025-04-24,,,
GCD-25078,Etrisno,2025-04-24,2025-04-24,,,
GCD-25129,Rajdeep Dutta,2025-04-24,2025-04-24,,,
GCD-25091,Rajdeep Dutta,2025-04-25,2025-04-25,,,
GCD-25130,Rajdeep Dutta,2025-04-25,2025-04-25,,,
GCD-5872,Rajdeep Dutta,2025-04-25,2025-04-25,,,
GCD-17599,Rajdeep Dutta,2025-04-25,2025-04-25,,,
GCD-25124,Rajdeep Dutta,2025-04-26,2025-04-26,,,
GCD-25127,Rajdeep Dutta,2025-04-28,2025-04-28,,,
GCD-3724,Rajdeep Dutta,2025-04-29,2025-04-29,,,
GCD-25135,Rajdeep Dutta,2025-04-29,2025-04-29,,,
GCD-25134,Rajdeep Dutta,2025-04-29,2025-04-29,,,
GCD-16004,Rajdeep Dutta,2025-04-29,2025-04-29,,,
GCD-25136,Rajdeep Dutta,2025-04-30,2025-04-30,,,
GCD-25139,Rajdeep Dutta,2025-05-02,2025-05-02,,,
GCD-5638,Rajdeep Dutta,2025-05-02,2025-05-02,,,2026-04-09
GCD-25141,Rajdeep Dutta,2025-05-02,2025-05-02,,,
GCD-25138,Rajdeep Dutta,2025-05-02,2025-05-02,,,
GCD-20045,Rajdeep Dutta,2025-05-02,2025-05-02,,,2026-01-07
GCD-25121,Rajdeep Dutta,2025-05-03,2025-05-03,,,
GCD-25146,Rajdeep Dutta,2025-05-03,2025-05-03,,,
GCD-25148,Etrisno,2025-05-03,2025-05-03,,,
GCD-25142,Rajdeep Dutta,2025-05-03,2025-05-03,,,
GCD-25177,Rajdeep Dutta,2025-05-05,2025-05-05,,,2026-01-30
GCD-25076,Etrisno,2025-05-05,2025-05-05,,,
GCD-25102,Rajdeep Dutta,2025-05-05,2025-05-05,,,
GCD-25147,Etrisno,2025-05-06,2025-05-06,,,
GCD-25122,Rajdeep Dutta,2025-05-06,2025-05-06,,,
GCD-25152,Rajdeep Dutta,2025-05-06,2025-05-06,,,
GCD-25325,Rajdeep Dutta,2025-05-06,2025-05-06,,,
GCD-25158,Rajdeep Dutta,2025-05-06,2025-05-06,,,
GCD-25155,Rajdeep Dutta,2025-05-07,2025-05-07,,,2026-01-28
OX21032505115703435,Rajdeep Dutta,2025-05-07,2025-05-07,,,
GCD-25161,Rajdeep Dutta,2025-05-08,2025-05-08,,,
GCD-25126,Rajdeep Dutta,2025-05-08,2025-05-08,,,
GCD-25163,Rajdeep Dutta,2025-05-09,2025-05-09,,,
GCD-25165,Rajdeep Dutta,2025-05-09,2025-05-09,,,
GCD-25156,Rajdeep Dutta,2025-05-09,2025-05-09,,,
GCD-25207,Rajdeep Dutta,2025-05-10,2025-05-10,,,2026-02-03
GCD-25166,Rajdeep Dutta,2025-05-13,2025-05-13,,,
GCD-20914,Rajdeep Dutta,2025-05-14,2025-05-14,,,
GCD-25169,Rajdeep Dutta,2025-05-14,2025-05-14,,,
GCD-25167,Rajdeep Dutta,2025-05-14,2025-05-14,,,2026-01-31
GCD-25164,Rajdeep Dutta,2025-05-14,2025-05-14,,,2026-01-23
GCD-25181,Rajdeep Dutta,2025-05-15,2025-05-15,,,
GCD-25174,Rajdeep Dutta,2025-05-16,2025-05-16,,,
GCD-25175,Rajdeep Dutta,2025-05-16,2025-05-16,,,
GCD-25185,Rajdeep Dutta,2025-05-20,2025-05-20,,,
GCD-25183,Rajdeep Dutta,2025-05-21,2025-05-21,,,
OX18032514200803409,Rajdeep Dutta,2025-05-21,2025-05-21,,,
GCD-25182,Rajdeep Dutta,2025-05-21,2025-05-21,,,2026-01-21
GCD-25144,Rajdeep Dutta,2025-05-21,2025-05-21,,,
GCD-12511,Rajdeep Dutta,2025-05-21,2025-05-21,,,
GCD-25096,Rajdeep Dutta,2025-05-21,2025-05-21,,,2026-01-29
GCD-25173,Rajdeep Dutta,2025-05-15,2025-05-15,,,2026-02-01
GCD-25168,Rajdeep Dutta,2025-05-22,2025-05-22,,,
GCD-25186,Rajdeep Dutta,2025-05-22,2025-05-22,,,
GCD-25125,Rajdeep Dutta,2025-05-24,2025-05-24,,,
GCD-25107,Rajdeep Dutta,2025-05-24,2025-05-24,,,2026-02-01
GCD-2818,Rajdeep Dutta,2025-05-24,2025-05-24,,,
GCD-25205,Rajdeep Dutta,2025-05-26,2025-05-26,,,
GCD-25195,Rajdeep Dutta,2025-05-27,2025-05-27,,,
GCD-25196,Rajdeep Dutta,2025-05-27,2025-05-27,,,
GCD-25218,Rajdeep Dutta,2025-05-30,2025-05-30,,,
GCD-3159,Rajdeep Dutta,2025-05-30,2025-05-30,,,
GCD-20352,Bursa OTO,2025-06-02,2025-06-02,,,
GCD-25204,Rajdeep Dutta,2025-06-02,2025-06-02,,,
GCD-25210,Rajdeep Dutta,2025-06-03,2025-06-03,,,
GCD-25211,Rajdeep Dutta,2025-06-05,2025-06-05,,,
GCD-25217,Rajdeep Dutta,2025-06-08,2025-06-08,,,
OX30042511252403575,Rajdeep Dutta,2025-06-09,2025-06-09,,,
GCD-25189,Rajdeep Dutta,2025-06-09,2025-06-09,,,
GCD-25197,Rajdeep Dutta,2025-06-09,2025-06-09,,,
GCD-25221,Rajdeep Dutta,2025-06-09,2025-06-09,,,
GCD-25145,Rajdeep Dutta,2025-06-10,2025-06-10,,,
GCD-25212,Rajdeep Dutta,2025-06-09,2025-06-09,,,
GCD-25219,Rajdeep Dutta,2025-06-09,2025-06-09,,,2026-01-28
GCD-16354,Rajdeep Dutta,2025-06-10,2025-06-10,,,
GCD-25208,Rajdeep Dutta,2025-06-10,2025-06-10,,,
GCD-3749,Rajdeep Dutta,2025-06-10,2025-06-10,,,
GCD-25198,Etrisno,2025-06-11,2025-06-11,,,
GCD-25329,Rajdeep Dutta,2025-06-12,2025-06-12,,,
GCD-25228,Rajdeep Dutta,2025-06-12,2025-06-12,,,
GCD-25213,Rajdeep Dutta,2025-06-12,2025-06-12,,,
GCD-25253,Rajdeep Dutta,2025-06-17,2025-06-17,,,2025-12-22
GCD-25238,Rajdeep Dutta,2025-06-17,2025-06-17,,,
GCD-25105,Rajdeep Dutta,2025-06-17,2025-06-17,,,
GCD-25241,Rajdeep Dutta,2025-06-17,2025-06-17,,,
GCD-25215,Rajdeep Dutta,2025-06-17,2025-06-17,,,
GCD-25193,Rajdeep Dutta,2025-06-17,2025-06-17,,,
GCD-25244,Rajdeep Dutta,2025-06-19,2025-06-19,,,
GCD-5146,Etrisno,2025-06-20,2025-06-20,,,
GCD-25248,Rajdeep Dutta,2025-06-23,2025-06-23,,,
GCD-25259,Rajdeep Dutta,2025-06-23,2025-06-23,,,2026-01-27
GCD-8585,Rajdeep Dutta,2025-06-23,2025-06-23,,,
GCD-25237,Rajdeep Dutta,2025-06-23,2025-06-23,,,
GCD-25246,Rajdeep Dutta,2025-06-23,2025-06-23,,,2026-01-28
GCD-25242,Rajdeep Dutta,2025-06-23,2025-06-23,,,
GCD-25251,Rajdeep Dutta,2025-06-24,2025-06-24,,,
GCD-4371,Rajdeep Dutta,2025-06-24,2025-06-24,,,
GCD-25254,Rajdeep Dutta,2025-06-25,2025-06-25,,,
GCD-25301,Rajdeep Dutta,2025-06-26,2025-06-26,,,
GCD-25260,Rajdeep Dutta,2025-06-26,2025-06-26,,,
GCD-25255,Rajdeep Dutta,2025-06-26,2025-06-26,,,
GCD-25270,Rajdeep Dutta,2025-06-26,2025-06-26,,,
GCD-25243,Rajdeep Dutta,2025-06-26,2025-06-26,,,
GCD-14213,Rajdeep Dutta,2025-06-26,2025-06-26,,,
GCD-25306,Rajdeep Dutta,2025-06-30,2025-06-30,,,2026-04-07
GCD-25287,Rajdeep Dutta,2025-07-02,2025-07-02,,,2026-01-26
GCD-25269,Rajdeep Dutta,2025-07-02,2025-07-02,,,
GCD-25264,Rajdeep Dutta,2025-07-03,2025-07-03,,,
GCD-25271,Rajdeep Dutta,2025-07-03,2025-07-03,,,
GCD-25233,Rajdeep Dutta,2025-07-03,2025-07-03,,,
GCD-25247,Rajdeep Dutta,2025-07-04,2025-07-04,,,2026-03-10
GCD-20189,Rajdeep Dutta,2025-07-05,2025-07-05,,,
GCD-25265,Rajdeep Dutta,2025-07-05,2025-07-05,,,
GCD-16301,Rajdeep Dutta,2025-07-07,2025-07-07,,,2026-03-12
GCD-18870,Rajdeep Dutta,2025-07-08,2025-07-08,,,
GCD-20554,Rajdeep Dutta,2025-07-10,2025-07-10,,,
GCD-25286,Rajdeep Dutta,2025-07-10,2025-07-10,,,
GCD-25275,Rajdeep Dutta,2025-07-11,2025-07-11,,,
GCD-25292,Rajdeep Dutta,2025-07-14,2025-07-14,,,
GCD-17743,Rajdeep Dutta,2025-07-15,2025-07-15,,,
GCD-25267,Rajdeep Dutta,2025-07-16,2025-07-16,,,
GCD-25297,Rajdeep Dutta,2025-07-16,2025-07-16,,,
GCD-25282,Rajdeep Dutta,2025-07-16,2025-07-16,,,
GCD-25296,Rajdeep Dutta,2025-07-18,2025-07-18,,,
GCD-25293,Rajdeep Dutta,2025-07-18,2025-07-18,,,
GCD-25303,Rajdeep Dutta,2025-07-18,2025-07-18,,,2026-01-05
GCD-12040,Rajdeep Dutta,2025-07-18,2025-07-18,,,
GCD-25562,Rajdeep Dutta,2025-07-21,2025-07-21,,,
GCD-25310,Rajdeep Dutta,2025-07-21,2025-07-21,,,
GCD-25418,Rajdeep Dutta,2025-07-21,2025-07-21,,,2026-02-22
GCD-25323,Rajdeep Dutta,2025-07-21,2025-07-21,,,
GCD-25341,Rajdeep Dutta,2025-07-22,2025-07-22,,,
GCD-25313,Rajdeep Dutta,2025-07-22,2025-07-22,,,
GCD-25319,Rajdeep Dutta,2025-07-22,2025-07-22,,,
GCD-25320,Rajdeep Dutta,2025-07-23,2025-07-23,,,
GCD-25311,Rajdeep Dutta,2025-07-23,2025-07-23,,,
GCD-25322,Etrisno,2025-07-23,2025-07-23,,,
GCD-25336,Rajdeep Dutta,2025-07-23,2025-07-23,,,
GCD-14154,Rajdeep Dutta,2025-07-24,2025-07-24,,,
GCD-25318,Rajdeep Dutta,2025-07-24,2025-07-24,,,
GCD-25330,Rajdeep Dutta,2025-07-26,2025-07-26,,,
GCD-25281,Rajdeep Dutta,2025-07-28,2025-07-28,,,
GCD-25328,Rajdeep Dutta,2025-07-28,2025-07-28,,,
GCD-25365,Rajdeep Dutta,2025-07-28,2025-07-28,,,2026-03-02
GCD-25321,Rajdeep Dutta,2025-07-28,2025-07-28,,,
GCD-6592,Rajdeep Dutta,2025-07-28,2025-07-28,,,
GCD-25335,Rajdeep Dutta,2025-07-29,2025-07-29,,,
GCD-25291,Rajdeep Dutta,2025-07-29,2025-07-29,,2026-03-11,2026-01-16
GCD-16300,Rajdeep Dutta,2025-07-30,2025-07-30,,,
GCD-17978,Rajdeep Dutta,2025-08-01,2025-08-01,,,
GCD-25337,Rajdeep Dutta,2025-08-01,2025-08-01,,,2026-01-14
GCD-25327,Rajdeep Dutta,2025-08-04,2025-08-04,,,
GCD-25324,Rajdeep Dutta,2025-08-05,2025-08-05,,,
GCD-25351,Rajdeep Dutta,2025-08-05,2025-08-05,,,
GCD-25268,Rajdeep Dutta,2025-08-05,2025-08-05,,,
GCD-25358,Rajdeep Dutta,2025-08-06,2025-08-06,,,
GCD-25354,Rajdeep Dutta,2025-08-06,2025-08-06,,,
GCD-25357,Rajdeep Dutta,2025-08-07,2025-08-07,,,2026-01-31
GCD-25342,Rajdeep Dutta,2025-08-07,2025-08-07,,,2026-01-30
GCD-25379,Rajdeep Dutta,2025-08-08,2025-08-08,,,2026-03-03
GCD-4957,Rajdeep Dutta,2025-08-08,2025-08-08,,,
GCD-25377,Rajdeep Dutta,2025-08-10,2025-08-10,,,
GCD-6179,Rajdeep Dutta,2025-08-11,2025-08-11,,,
GCD-2361,Rajdeep Dutta,2025-08-11,2025-08-11,,,
GCD-25372,Rajdeep Dutta,2025-08-12,2025-08-12,,,
GCD-25378,Rajdeep Dutta,2025-08-15,2025-08-15,,,2026-01-26
GCD-25362,Rajdeep Dutta,2025-08-15,2025-08-15,,,
OX23072519420003852,Rajdeep Dutta,2025-08-15,2025-08-15,,,
GCD-25326,Rajdeep Dutta,2025-08-19,2025-08-19,,,
GCD-21125,Rajdeep Dutta,2025-08-19,2025-08-19,,,
GCD-5536,Rajdeep Dutta,2025-08-19,2025-08-19,,,
GCD-25381,Rajdeep Dutta,2025-08-19,2025-08-19,,,
GCD-25385,Rajdeep Dutta,2025-08-20,2025-08-20,,,2026-01-30
GCD-25290,Rajdeep Dutta,2025-08-20,2025-08-20,,,2026-01-29
GCD-25370,Rajdeep Dutta,2025-08-21,2025-08-21,,,
OX27072512382403865,Rajdeep Dutta,2025-08-21,2025-08-21,,,
GCD-25392,Rajdeep Dutta,2025-08-22,2025-08-22,,,
GCD-25371,Rajdeep Dutta,2025-08-25,2025-08-25,,,
GCD-25395,Rajdeep Dutta,2025-08-26,2025-08-26,,,
GCD-25397,Etrisno,2025-08-27,2025-08-27,,,
GCD-4761,Rajdeep Dutta,2025-08-28,2025-08-28,,,2026-01-20
GCD-18576,Rajdeep Dutta,2025-08-28,2025-08-28,,,2026-01-29
GCD-25363,Rajdeep Dutta,2025-08-28,2025-08-28,,,2026-01-22
GCD-25407,Rajdeep Dutta,2025-08-29,2025-08-29,,,2026-01-26
OX05082522371203889,Rajdeep Dutta,2025-08-29,2025-08-29,,,
GCD-25396,Rajdeep Dutta,2025-08-29,2025-08-29,,,
GCD-25406,Rajdeep Dutta,2025-08-29,2025-08-29,,,
GCD-25413,Rajdeep Dutta,2025-08-29,2025-08-29,,,
GCD-25393,Rajdeep Dutta,2025-09-01,2025-09-01,,,2026-01-31
GCD-20234,Rajdeep Dutta,2025-09-01,2025-09-01,,,
GCD-25412,Rajdeep Dutta,2025-09-02,2025-09-02,,,
GCD-25411,Rajdeep Dutta,2025-09-02,2025-09-02,,,
GCD-25403,Rajdeep Dutta,2025-09-02,2025-09-02,,,
GCD-25414,Rajdeep Dutta,2025-09-03,2025-09-03,,,
GCD-16264,Rajdeep Dutta,2025-09-03,2025-09-03,,,
GCD-25422,Etrisno,2025-09-04,2025-09-04,,,
GCD-25423,Rajdeep Dutta,2025-09-08,2025-09-08,,,
GCD-25430,Rajdeep Dutta,2025-09-09,2025-09-09,,,
GCD-25424,Rajdeep Dutta,2025-09-09,2025-09-09,,,2025-12-17
GCD-25401,Rajdeep Dutta,2025-09-09,2025-09-09,,,
GCD-25386,Rajdeep Dutta,2025-09-09,2025-09-09,,,
GCD-25445,Rajdeep Dutta,2025-09-11,2025-09-11,,,
GCD-25475,Rajdeep Dutta,2025-09-11,2025-09-11,,,
GCD-15437,Rajdeep Dutta,2025-09-12,2025-09-12,,,
GCD-25438,Rajdeep Dutta,2025-09-12,2025-09-12,,,2026-02-20
GCD-25437,Rajdeep Dutta,2025-09-12,2025-09-12,,,
GCD-25440,Rajdeep Dutta,2025-09-12,2025-09-12,,,
GCD-13370,Rajdeep Dutta,2025-09-15,2025-09-15,,,2026-01-16
GCD-25417,Rajdeep Dutta,2025-09-15,2025-09-15,,,
OX13082521422403943,Rajdeep Dutta,2025-09-15,2025-09-15,,,
GCD-25444,Rajdeep Dutta,2025-09-16,2025-09-16,,,2026-01-31
GCD-25462,Rajdeep Dutta,2025-09-16,2025-09-16,,,
GCD-25429,Rajdeep Dutta,2025-09-17,2025-09-17,,,2026-01-21
GCD-25456,Rajdeep Dutta,2025-09-17,2025-09-17,,,
GCD-25460,Rajdeep Dutta,2025-09-17,2025-09-17,,,
GCD-25459,Rajdeep Dutta,2025-09-17,2025-09-17,,,2026-02-01
GCD-25432,Rajdeep Dutta,2025-09-17,2025-09-17,,,
GCD-25471,Rajdeep Dutta,2025-09-17,2025-09-17,,,2026-01-29
GCD-3258,Rajdeep Dutta,2025-09-17,2025-09-17,,,
GCD-25461,Rajdeep Dutta,2025-09-18,2025-09-18,,,
GCD-4537,Rajdeep Dutta,2025-09-18,2025-09-18,,,
GCD-25512,Rajdeep Dutta,2025-09-18,2025-09-18,,,
GCD-25415,Rajdeep Dutta,2025-09-19,2025-09-19,,,2026-01-06
GCD-25510,Rajdeep Dutta,2025-09-22,2025-09-22,,,2026-01-21
OX01092509145004013,Rajdeep Dutta,2025-09-22,2025-09-22,,,
GCD-25465,Rajdeep Dutta,2025-09-23,2025-09-23,,,2026-01-30
GCD-25355,Rajdeep Dutta,2025-09-24,2025-09-24,,,2025-12-16
GCD-4275,Rajdeep Dutta,2025-09-24,2025-09-24,,,2025-12-23
GCD-25481,Rajdeep Dutta,2025-09-24,2025-09-24,,,
GCD-25458,Rajdeep Dutta,2025-09-24,2025-09-24,,,
GCD-25473,Rajdeep Dutta,2025-09-25,2025-09-25,,,2026-01-27
GCD-25479,Rajdeep Dutta,2025-09-25,2025-09-25,,,2026-01-19
GCD-25490,Rajdeep Dutta,2025-09-25,2025-09-25,,,
GCD-25597,Rajdeep Dutta,2025-09-26,2025-09-26,,,2026-01-29
GCD-25448,Rajdeep Dutta,2025-09-26,2025-09-26,,,
GCD-25480,Rajdeep Dutta,2025-09-29,2025-09-29,,,2026-01-29
GCD-18853,Rajdeep Dutta,2025-09-29,2025-09-29,,,
GCD-25496,Rajdeep Dutta,2025-09-29,2025-09-29,,,
GCD-8766,Rajdeep Dutta,2025-09-29,2025-09-29,,,2026-03-03
GCD-25531,Rajdeep Dutta,2025-09-29,2025-09-29,,,
GCD-25469,Rajdeep Dutta,2025-09-29,2025-09-29,,,2026-01-29
GCD-25497,Rajdeep Dutta,2025-09-29,2025-09-29,,,
GCD-25492,Rajdeep Dutta,2025-09-29,2025-09-29,,,2026-02-27
GCD-25482,Rajdeep Dutta,2025-09-29,2025-09-29,,,
GCD-25488,Rajdeep Dutta,2025-09-29,2025-09-29,,,
GCD-25507,Rajdeep Dutta,2025-09-30,2025-09-30,,,2026-01-15
GCD-25676,Rajdeep Dutta,2025-09-30,2025-09-30,,,
GCD-25494,Rajdeep Dutta,2025-09-30,2025-09-30,,,2026-01-14
OX03092517160604018,Rajdeep Dutta,2025-09-30,2025-09-30,,,
GCD-25457,Etrisno,2025-10-01,2025-10-01,,,
GCD-25503,Etrisno,2025-10-03,2025-10-03,,,
GCD-7879,Rajdeep Dutta,2025-10-03,2025-10-03,,,2025-12-24
GCD-25514,Rajdeep Dutta,2025-10-06,2025-10-06,,,
GCD-25509,Rajdeep Dutta,2025-10-07,2025-10-07,,,2026-01-30
GCD-25504,Rajdeep Dutta,2025-10-07,2025-10-07,,,2026-02-11
GCD-25524,Rajdeep Dutta,2025-10-09,2025-10-09,,,
GCD-25493,Rajdeep Dutta,2025-10-09,2025-10-09,,,2026-01-28
OX30082522213504009,Rajdeep Dutta,2025-10-09,2025-10-09,,,
OX19092516010904086,Rajdeep Dutta,2025-10-09,2025-10-09,,,
GCD-25380,Etrisno,2025-10-09,2025-10-09,,,
GCD-25486,Rajdeep Dutta,2025-10-09,2025-10-09,,,2025-12-23
GCD-25498,Etrisno,2025-10-09,2025-10-09,,,
GCD-25513,Etrisno,2025-10-10,2025-10-10,,,
GCD-25472,Rajdeep Dutta,2025-10-10,2025-10-10,,,
GCD-25552,Rajdeep Dutta,2025-10-11,2025-10-11,,,
GCD-25518,Rajdeep Dutta,2025-10-13,2025-10-13,,,
GCD-25658,Rajdeep Dutta,2025-10-13,2025-10-13,,,
GCD-25521,Rajdeep Dutta,2025-10-15,2025-10-15,,,
GCD-25608,Rajdeep Dutta,2025-10-15,2025-10-15,,,2026-01-29
GCD-25599,Rajdeep Dutta,2025-10-16,2025-10-16,,,
GCD-25528,Rajdeep Dutta,2025-10-16,2025-10-16,,,
GCD-25442,Rajdeep Dutta,2025-10-17,2025-10-17,,,2026-02-02
GCD-25539,Rajdeep Dutta,2025-10-22,2025-10-22,,,
GCD-25536,Rajdeep Dutta,2025-10-22,2025-10-22,,,
GCD-25527,Rajdeep Dutta,2025-10-22,2025-10-22,,,2026-01-15
GCD-25543,Rajdeep Dutta,2025-10-24,2025-10-24,,,2026-01-21
OX11082515004603923,Rajdeep Dutta,2025-10-26,2025-10-26,,,
GCD-8600,Rajdeep Dutta,2025-10-30,2025-10-30,,,
GCD-25561,Rajdeep Dutta,2025-10-30,2025-10-30,,,
GCD-13579,Rajdeep Dutta,2025-11-03,2025-11-03,,,2026-01-16
GCD-25557,Rajdeep Dutta,2025-11-04,2025-11-04,,,2025-12-16
GCD-25558,Rajdeep Dutta,2025-11-04,2025-11-04,,,
GCD-16558,Rajdeep Dutta,2025-11-05,2025-11-05,,,2026-01-08
GCD-3788,Rajdeep Dutta,2025-11-05,2025-11-05,,,2026-01-15
GCD-25563,Rajdeep Dutta,2025-11-05,2025-11-05,,,
GCD-25523,Rajdeep Dutta,2025-11-06,2025-11-06,,,
GCD-20737,Rajdeep Dutta,2025-11-07,2025-11-07,,,2026-02-03
GCD-25606,Etrisno,2025-11-10,2025-11-10,,,
GCD-25575,Rajdeep Dutta,2025-11-11,2025-11-11,,,
GCD-10803,Rajdeep Dutta,2025-11-11,2025-11-11,,,2026-02-05
GCD-25537,Rajdeep Dutta,2025-11-11,2025-11-11,,,2026-02-16
GCD-25576,Rajdeep Dutta,2025-11-12,2025-11-12,,,2026-01-20
GCD-25544,Rajdeep Dutta,2025-11-14,2025-11-14,,,
GCD-25587,Rajdeep Dutta,2025-11-14,2025-11-14,,,2026-01-31
GCD-25596,Rajdeep Dutta,2025-11-17,2025-11-17,,,
GCD-25567,Rajdeep Dutta,2025-11-18,2025-11-18,,,
GCD-11492,Rajdeep Dutta,2025-11-20,2025-11-20,,,2026-01-29
GCD-25600,Rajdeep Dutta,2025-11-20,2025-11-20,,2026-04-14,2026-03-10
GCD-25604,Rajdeep Dutta,2025-11-25,2025-11-25,,,2026-01-16
GCD-25605,Rajdeep Dutta,2025-11-25,2025-11-25,,,2026-01-21
GCD-25620,Rajdeep Dutta,2025-11-25,2025-11-25,,,
GCD-25613,Rajdeep Dutta,2025-11-28,2025-11-28,,,
GCD-25616,Rajdeep Dutta,2025-12-05,2025-12-05,,,2026-01-29
GCD-25624,Rajdeep Dutta,2025-12-10,2025-12-10,,,2026-01-28
GCD-25636,Rajdeep Dutta,2025-12-10,2025-12-10,,,
OX07102516335604126,Rajdeep Dutta,2025-12-11,2025-12-11,,,
GCD-25615,Rajdeep Dutta,2025-12-17,2025-12-17,,,
OX29112509051904214,Rajdeep Dutta,2025-12-23,2025-12-23,,,
OX24112518464904208,Rajdeep Dutta,2026-01-09,2026-01-09,,,
GCD-25633,Etrisno,2026-01-09,2026-01-09,,,
GCD-25657,Rajdeep Dutta,2026-01-19,2026-04-21,,,2026-01-19
OX13012602411404277,Rajdeep Dutta,2026-01-23,,,,2026-01-23
GCD-25668,Rajdeep Dutta,2026-01-23,2026-05-22,,,2026-01-23
GCD-17794,Rajdeep Dutta,2026-01-25,,,,2026-01-25
GCD-25679,Rajdeep Dutta,2026-01-29,,,,2026-01-29
GCD-25642,Etrisno,2026-01-30,,,,2026-01-30
GCD-25681,Rajdeep Dutta,2026-02-03,,,,2026-02-03
OX07012618291804266,Rajdeep Dutta,2026-02-05,,,,2026-02-05
GCD-1000099,Rajdeep Dutta,2026-02-06,,,,2026-02-06
GCD-1000074,Rajdeep Dutta,2026-02-11,,,,2026-02-11
GCD-1000121,Rajdeep Dutta,2026-02-11,,,,2026-02-11
GCD-18187,Rajdeep Dutta,2026-02-12,,,,2026-02-12
GCD-7815,Rajdeep Dutta,2026-02-16,,,,2026-02-16
GCD-431,Rajdeep Dutta,2026-02-18,,,,2026-02-18
GCD-3470,Rajdeep Dutta,2026-02-18,2026-05-28,,,2026-02-18
GCD-1000202,Rajdeep Dutta,2026-02-24,,,,2026-02-24
GCD-15733,Rajdeep Dutta,2026-02-25,2026-06-04,,,2026-02-25
GCD-1000155,Rajdeep Dutta,2026-04-09,,,,2026-04-09
GCD-1000162,Rajdeep Dutta,2026-04-10,2026-04-16,,,2026-04-10
OX13042615035504351,Rajdeep Dutta,2026-04-20,,,,2026-04-20
GCD-17011,Rajdeep Dutta,2026-06-08,2026-06-08,,,